Workbook

Sheet Sheet1 (2)
A1: Date | B1: Country | C1: CER
A2: 45292 | B2: Argentina | C2: 185.6531
A3: 45293 | B3: Argentina | C3: 186.3758
A4: 45294 | B4: Argentina | C4: 187.1013
A5: 45295 | B5: Argentina | C5: 187.8297
A6: 45296 | B6: Argentina | C6: 188.5609
A7: 45297 | B7: Argentina | C7: 189.295
A8: 45298 | B8: Argentina | C8: 190.0319
A9: 45299 | B9: Argentina | C9: 190.7717
A10: 45300 | B10: Argentina | C10: 191.5143
A11: 45301 | B11: Argentina | C11: 192.2599
A12: 45302 | B12: Argentina | C12: 193.0083
A13: 45303 | B13: Argentina | C13: 193.7597
... A837: 46127 | B837: Argentina | C837: 745.54955

Sheet Sheet1
A1: Date | B1: price - TZX26 | C1: price - TZXD5 | D1: price - TZXD6 | E1: price - TZXM6 | F1: price - TZXM7 | G1: price - T15D5 | H1: price - TZXO6 | I1: price - T30J6 | J1: price - TTD26 | K1: price - TTM26 | L1: price - S29Y6 | M1: price - T30A7 | N1: price - S30O6 | O1: price - X29Y6 | P1: price - S17A6 | Q1: irr - TZX26 | R1: irr - TZXD5 | S1: irr - TZXD6 | T1: irr - TZXM6 | U1: irr - TZXM7 | V1: irr - T15D5 | W1: irr - TZXO6 | X1: irr - T30J6 | Y1: irr - TTD26 | Z1: irr - TTM26 | AA1: irr - S29Y6 | AB1: irr - T30A7 | AC1: irr - S30O6 | AD1: irr - X29Y6 | AE1: irr - S17A6
A2: 45323 | B2: 111.4 | Q2: -0.043203243
A3: 45324 | B3: 111.75 | Q3: -0.041608168
A4: 45327 | B4: 116.25 | Q4: -0.04861356
A5: 45328 | B5: 119.9 | Q5: -0.057855736
A6: 45329 | B6: 121.75 | Q6: -0.061013262
A7: 45330 | B7: 122 | Q7: -0.059036011
A8: 45331 | B8: 121.4 | Q8: -0.054328419
A9: 45334 | B9: 121.4 | Q9: -0.045861936
A10: 45335 | B10: 121.4 | Q10: -0.043009681
A11: 45336 | B11: 120.5 | Q11: -0.037172164
A12: 45337 | B12: 121 | Q12: -0.035938223
A13: 45338 | B13: 121.9 | Q13: -0.036012657
... A32: 45365 | B32: 156.8 | Q32: -0.065500506
A33: 45366 | B33: 165.7 | C33: 121.35 | D33: 115.5 | Q33: -0.084964489 | R33: -0.10313387 | S33: -0.050308452
A34: 45369 | B34: 173.15 | C34: 129 | D34: 123 | Q34: -0.094919623 | R34: -0.12449984 | S34: -0.065192409
A35: 45370 | B35: 172.05 | C35: 131.4 | D35: 125.7 | Q35: -0.089995461 | R35: -0.13059596 | S35: -0.070369655
A36: 45371 | B36: 171 | C36: 131.9 | D36: 126 | Q36: -0.085132034 | R36: -0.12947525 | S36: -0.069072749
A37: 45372 | B37: 173.75 | C37: 132.5 | D37: 129.9 | Q37: -0.088984984 | R37: -0.12871601 | S37: -0.077163386
A38: 45373 | B38: 181 | C38: 134 | D38: 130.9 | Q38: -0.1025857 | R38: -0.13127954 | S38: -0.077640283
A39: 45376 | B39: 185.5 | Q39: -0.10495883
A40: 45377 | B40: 175.75 | C40: 130.5 | D40: 123.75 | Q40: -0.082171699 | R40: -0.10694032 | S40: -0.050989628
A41: 45378 | B41: 172.45 | C41: 131.25 | D41: 120 | Q41: -0.073028324 | R41: -0.10798679 | S41: -0.039001457
A42: 45379 | B42: 172.45 | C42: 131.25 | D42: 120 | Q42: -0.071492579 | R42: -0.10609894 | S42: -0.037644185
A43: 45380 | B43: 172.45 | C43: 131.25 | D43: 120 | Q43: -0.069950554 | R43: -0.10420105 | S43: -0.036282256
A44: 45383 | B44: 172.45 | C44: 131.25 | D44: 120 | Q44: -0.065286416 | R44: -0.098446363 | S44: -0.032168284
A45: 45384 | B45: 172.45 | C45: 131.25 | D45: 120 | Q45: -0.063718889 | R45: -0.096507532 | S45: -0.030787487
A46: 45385 | B46: 171.25 | C46: 140 | D46: 126.5 | Q46: -0.059258297 | R46: -0.12780826 | S46: -0.047916611
A47: 45386 | B47: 173.1 | C47: 130.8 | D47: 124 | Q47: -0.062120453 | R47: -0.090787175 | S47: -0.039590447
A48: 45387 | B48: 179.5 | Q48: -0.075465605
A49: 45390 | B49: 184.85 | C49: 136.5 | D49: 129.4 | Q49: -0.082815354 | R49: -0.10539484 | S49: -0.049086449
A50: 45391 | B50: 188.25 | C50: 137.2 | D50: 133 | Q50: -0.088679223 | R50: -0.10614075 | S50: -0.057288098
A51: 45392 | B51: 192.9 | Q51: -0.096998501
A52: 45393 | B52: 198.25 | C52: 145.1 | Q52: -0.10643659 | R52: -0.13129618
A53: 45394 | B53: 199.6 | C53: 148 | D53: 143 | Q53: -0.10766821 | R53: -0.13952524 | S53: -0.0782371
A54: 45397 | B54: 205.8 | Q54: -0.11542233
A55: 45398 | B55: 200.5 | C55: 150 | Q55: -0.1035751 | R55: -0.13906377
A56: 45399 | B56: 195.75 | C56: 148 | Q56: -0.092399006 | R56: -0.13033617
A57: 45400 | B57: 188.8 | C57: 149.7 | Q57: -0.076025997 | R57: -0.13436142
A58: 45401 | B58: 187.7 | C58: 148.75 | D58: 132.1 | Q58: -0.072026163 | R58: -0.12921334 | S58: -0.041359465
A59: 45404 | B59: 182.15 | C59: 151.5 | Q59: -0.05455819 | R59: -0.13309616
A60: 45405 | B60: 176 | C60: 149.5 | D60: 125 | Q60: -0.038128273 | R60: -0.12427989 | S60: -0.015738402
A61: 45406 | B61: 175.95 | C61: 149.5 | D61: 127 | Q61: -0.0363123 | R61: -0.12236997 | S61: -0.020104724
A62: 45407 | B62: 191.85 | C62: 150.8 | Q62: -0.071655667 | R62: -0.12501442
A63: 45408 | B63: 170 | C63: 144.6 | D63: 120 | Q63: -0.017953582 | R63: -0.10093763 | S63: 0.0036449739
A64: 45411 | B64: 167.4 | C64: 143.7 | D64: 116.8 | Q64: -0.0064154481 | R64: -0.092305631 | S64: 0.017856518
A65: 45412 | B65: 167.35 | C65: 140 | D65: 113 | Q65: -0.0047139264 | R65: -0.076045994 | S65: 0.031938881
A66: 45413 | B66: 167.35 | C66: 140 | D66: 113 | Q66: -0.0031409314 | R66: -0.074216223 | S66: 0.033322617
A67: 45414 | B67: 168.4 | D67: 112 | Q67: -0.0044067129 | S67: 0.038176826
A68: 45415 | B68: 166.25 | C68: 135.15 | D68: 112.6 | Q68: 0.0030420392 | R68: -0.050349413 | S68: 0.037488902
A69: 45418 | B69: 177.75 | C69: 134 | D69: 123.5 | E69: 105.5 | Q69: -0.022579708 | R69: -0.039501981 | S69: 0.0059749002 | T69: -0.016803562
A70: 45419 | B70: 178.5 | C70: 142.5 | D70: 125 | Q70: -0.022936647 | R70: -0.073144153 | S70: 0.0027172147
A71: 45420 | B71: 179.5 | C71: 143.5 | D71: 126.75 | E71: 109.5 | Q71: -0.023912032 | R71: -0.075262919 | S71: -0.001228927 | T71: -0.032205605
A72: 45421 | B72: 181.15 | C72: 142.6 | D72: 129 | E72: 109.7 | Q72: -0.026487391 | R72: -0.069810739 | S72: -0.0065590464 | T72: -0.031417304
A73: 45422 | B73: 180.5 | C73: 142 | D73: 127.5 | E73: 111 | Q73: -0.023341722 | R73: -0.065503655 | S73: -0.00083076882 | T73: -0.035648329
A74: 45425 | B74: 181.4 | C74: 145 | D74: 129.4 | E74: 110.5 | Q74: -0.020959199 | R74: -0.071871577 | S74: -0.0024882872 | T74: -0.028217517
A75: 45426 | B75: 182 | C75: 143.15 | D75: 129.75 | E75: 112.5 | Q75: -0.020905844 | R75: -0.062543133 | S75: -0.0021954323 | T75: -0.035603603
A76: 45427 | B76: 180.9 | C76: 142 | D76: 129.75 | E76: 111 | Q76: -0.016589281 | R76: -0.0558951 | S76: -0.00087314282 | T76: -0.0270505
A77: 45428 | B77: 183.5 | C77: 149 | D77: 126 | E77: 110.75 | Q77: -0.017915346 | R77: -0.079950487 | S77: -0.0017452837 | T77: -0.024149237
A78: 45429 | B78: 183.5 | C78: 142 | D78: 128.05 | E78: 109.7 | Q78: -0.01997092 | R78: -0.05197707 | S78: 0.0068470676 | T78: -0.017472343
A79: 45432 | B79: 182.3 | C79: 142 | D79: 125.5 | E79: 110.05 | Q79: -0.014005622 | R79: -0.074378237 | S79: 0.011057008 | T79: -0.013770278
A80: 45433 | B80: 182.7 | C80: 151.5 | D80: 128 | E80: 110.95 | Q80: -0.013426462 | R80: -0.054434283 | S80: 0.012419599 | T80: -0.014105214
A81: 45434 | B81: 184.5 | C81: 142 | D81: 127 | E81: 111.5 | F81: 97 | Q81: -0.0021026057 | R81: -0.029027618 | S81: 0.024327452 | T81: -0.0043815066 | U81: 0.016653869
A82: 45435 | B82: 179.55 | C82: 138 | D82: 128 | E82: 109 | F82: 97 | Q82: -0.0015186674 | R82: -0.022506414 | S82: 0.022107111 | T82: -0.0032747878 | U82: 0.01789255
A83: 45436 | B83: 184 | C83: 137 | D83: 127 | E83: 110 | F83: 98 | Q83: -0.00054025379 | R83: -0.058309847 | S83: 0.022718657 | T83: -0.0016751924 | U83: 0.015526854
A84: 45439 | B84: 177 | C84: 146 | D84: 123.25 | E84: 107.7 | Q84: 0.012309306 | R84: -0.039293801 | S84: 0.035108213 | T84: 0.0097984795
A85: 45440 | B85: 175.05 | C85: 140 | D85: 125 | E85: 108.9 | Q85: 0.018937823 | R85: -0.026664949 | S85: 0.030602179 | T85: 0.0053008271
A86: 45441 | B86: 177 | C86: 142.7 | D86: 125.35 | E86: 107.25 | F86: 97 | Q86: 0.014947592 | R86: -0.033302668 | S86: 0.030605501 | T86: 0.015057824 | U86: 0.024327536
A87: 45442 | B87: 175.65 | C87: 144.7 | D87: 124 | E87: 108 | F87: 97 | Q87: 0.019962097 | R87: -0.034266819 | S87: 0.036064452 | T87: 0.012766204 | U87: 0.025321163
A88: 45443 | B88: 175.8 | C88: 138 | D88: 124 | E88: 107.8 | F88: 98 | Q88: 0.020891123 | R88: -0.055429674 | S88: 0.037198142 | T88: 0.01528145 | U88: 0.022659309
A89: 45446 | B89: 178.4 | C89: 146.5 | D89: 125.6 | E89: 108.15 | Q89: 0.017814353 | R89: -0.038464582 | S89: 0.035441934 | T89: 0.018054967
A90: 45447 | B90: 181.3 | C90: 145 | D90: 127.6 | E90: 110.15 | F90: 99 | Q90: 0.011362057 | R90: -0.032573324 | S90: 0.030218548 | T90: 0.009519042 | U90: 0.023009438
A91: 45448 | B91: 183.75 | C91: 145 | D91: 130.75 | E91: 111.8 | F91: 99 | Q91: 0.0062290679 | R91: -0.014410267 | S91: 0.021582263 | T91: 0.0029062211 | U91: 0.024006202
A92: 45449 | B92: 182.4 | C92: 140 | D92: 127.25 | E92: 110 | F92: 98 | Q92: 0.011098982 | R92: -0.011570218 | S92: 0.033584237 | T92: 0.013284559 | U92: 0.02865672
A93: 45450 | B93: 181.5 | C93: 140 | D93: 128.75 | E93: 109.1 | F93: 98 | Q93: 0.014826913 | R93: -0.004814272 | S93: 0.029992247 | T93: 0.019349019 | U93: 0.029666557
A94: 45453 | B94: 181 | C94: 140 | D94: 127 | E94: 109.9 | Q94: 0.020220544 | R94: 0.011795124 | S94: 0.038955065 | T94: 0.01991477
A95: 45454 | B95: 181.25 | C95: 139 | D95: 128 | E95: 110.4 | Q95: 0.020905374 | R95: 0.011216968 | S95: 0.036911061 | T95: 0.018931072
A96: 45455 | B96: 183.65 | C96: 140.8 | D96: 130 | E96: 110.5 | F96: 98 | Q96: 0.015819661 | R96: -0.00017156571 | S96: 0.031755366 | T96: 0.019974125 | U96: 0.034760303
A97: 45456 | B97: 178.05 | C97: 140.5 | D97: 128 | E97: 110.5 | F97: 98 | Q97: 0.032468055 | R97: 0.0030096321 | S97: 0.039215647 | T97: 0.021529007 | U97: 0.035788133
A98: 45457 | B98: 180.45 | C98: 139 | D98: 128.75 | E98: 110.4 | F98: 95.5 | Q98: 0.027210073 | R98: 0.011903225 | S98: 0.037982327 | T98: 0.023600099 | U98: 0.046318397
A99: 45461 | B99: 180.95 | C99: 139 | D99: 129.1 | E99: 108.5 | Q99: 0.031412047 | R99: 0.019292189 | S99: 0.041512467 | T99: 0.03986135
A100: 45462 | B100: 185 | C100: 140.75 | D100: 129 | E100: 109 | F100: 95.5 | Q100: 0.021772044 | R100: 0.012744993 | S100: 0.043001982 | T100: 0.038843345 | U100: 0.051613494
A101: 45467 | B101: 181.75 | C101: 139 | D101: 129.5 | E101: 110 | Q101: 0.03770109 | R101: 0.030685439 | S101: 0.047297129 | T101: 0.041746599
A102: 45468 | B102: 177.85 | C102: 138.75 | D102: 127 | E102: 107.5 | F102: 95 | Q102: 0.050236219 | R102: 0.03386609 | S102: 0.056667489 | T102: 0.0568939 | U102: 0.0600563
A103: 45469 | B103: 176.1 | C103: 136.05 | D103: 126.5 | E103: 108 | Q103: 0.056122851 | R103: 0.048605093 | S103: 0.05897663 | T103: 0.055052192
A104: 45470 | B104: 176.6 | C104: 136 | D104: 125.5 | E104: 108 | Q104: 0.055442431 | R104: 0.049923499 | S104: 0.062989943 | T104: 0.055951979
A105: 45471 | B105: 181.75 | C105: 136.75 | D105: 128 | E105: 109.5 | F105: 96 | Q105: 0.041405719 | R105: 0.047106437 | S105: 0.055286503 | T105: 0.048699948 | U105: 0.057831549
A106: 45474 | B106: 177.5 | C106: 137.5 | D106: 127 | E106: 107.5 | Q106: 0.055964738 | R106: 0.046418128 | S106: 0.060553777 | T106: 0.062365238
A107: 45475 | B107: 178.5 | C107: 137.5 | D107: 127.5 | E107: 109 | Q107: 0.053828348 | R107: 0.047480929 | S107: 0.059533861 | T107: 0.054995443
A108: 45476 | B108: 181.25 | C108: 139.15 | D108: 128.5 | E108: 110.25 | Q108: 0.04666617 | R108: 0.040087415 | S108: 0.056860593 | T108: 0.049110383
A109: 45477 | B109: 182.5 | C109: 140.6 | D109: 130 | E109: 110.9 | Q109: 0.043880349 | R109: 0.033816884 | S109: 0.05257922 | T109: 0.046512215
A110: 45478 | B110: 183.9 | C110: 141 | D110: 131.25 | E110: 110.75 | F110: 97 | Q110: 0.040696817 | R110: 0.032846711 | S110: 0.049166515 | T110: 0.048207914 | U110: 0.057957419
A111: 45481 | B111: 181.9 | C111: 139.2 | D111: 128.5 | E111: 109.75 | F111: 99 | Q111: 0.048709141 | R111: 0.045123191 | S111: 0.061128126 | T111: 0.056358775 | U111: 0.051923227
A112: 45483 | B112: 182.25 | C112: 139.75 | D112: 129.75 | E112: 109.75 | F112: 93 | Q112: 0.049278095 | R112: 0.044436144 | S112: 0.057286845 | T112: 0.058202834 | U112: 0.077192963
A113: 45484 | B113: 183.25 | C113: 142.05 | D113: 131.25 | E113: 111.5 | F113: 95 | Q113: 0.047196035 | R113: 0.0338072 | S113: 0.053017972 | T113: 0.049569125 | U113: 0.069527268
A114: 45485 | B114: 185.75 | C114: 143.25 | D114: 133.25 | E114: 114 | F114: 95.5 | Q114: 0.040887748 | R114: 0.028855532 | S114: 0.047211578 | T114: 0.037187683 | U114: 0.068095534
A115: 45488 | B115: 184 | C115: 140.5 | D115: 132.5 | E115: 112 | F115: 95.5 | Q115: 0.048205403 | R115: 0.045967604 | S115: 0.051551041 | T115: 0.050507333 | U115: 0.069910013
A116: 45489 | B116: 181 | C116: 140 | D116: 128.5 | E116: 111 | Q116: 0.057730409 | R116: 0.049660562 | S116: 0.065447405 | T116: 0.056886605
A117: 45490 | B117: 180.25 | C117: 141.5 | D117: 127.5 | E117: 110 | F117: 97 | Q117: 0.060767964 | R117: 0.042980232 | S117: 0.06953028 | T117: 0.063375141 | U117: 0.06505618
A118: 45491 | B118: 179.95 | C118: 139.1 | D118: 126.75 | E118: 110.25 | F118: 97 | Q118: 0.062486204 | R118: 0.056625796 | S118: 0.072798338 | T118: 0.062926433 | U118: 0.065657726
...

Sheet <<NO TOCAR

Sheet Inflación BE
D1: S17A6 - TZXM6 | H1: T30J6 - TZX26 | L1: S30O6 - TZXO6 | P1: S29Y6 - X29Y6 | T1: T30A7 - TZXM7 | X1: S15Y6 - X15Y6 | AB1: S31L6 - X31L6 | AF1: S30S6 - X30S6 | AJ1: S30N6 - X30N6
A2: Fecha | B2: Último CER | C2: CER hoy | D2: Fecha vencimiento | E2: Fecha de vencimiento CER | F2: CER implícito | G2: Inflación implícita | H2: Fecha vencimiento | I2: Fecha de vencimiento CER | J2: CER implícito | K2: Inflación implícita | L2: Fecha vencimiento | M2: Fecha de vencimiento CER | N2: CER implícito | O2: Inflación implícita | P2: Fecha vencimiento | Q2: Fecha de vencimiento CER | R2: CER implícito | S2: Inflación implícita | T2: Fecha vencimiento | U2: Fecha de vencimiento CER | V2: CER implícito | W2: Inflación implícita | X2: Fecha vencimiento | Y2: Fecha de vencimiento CER | Z2: CER implícito | AA2: Inflación implícita | AB2: Fecha vencimiento | AC2: Fecha de vencimiento CER | AD2: CER implícito | AE2: Inflación implícita | AF2: Fecha vencimiento | AG2: Fecha de vencimiento CER | AH2: CER implícito | AI2: Inflación implícita | AJ2: Fecha vencimiento | AK2: Fecha de vencimiento CER | AL2: CER implícito | AM2: Inflación implícita
A3: =+[1]CER_implicito!$A420 -> 45974 | B3: 45976 | C3: =+VLOOKUP(B3,'Sheet1 (2)'!A:C,3) -> 653.21049 | H3: 46202 | I3: =+WORKDAY.INTL(H3,-10,1,Feriados!$A$2:$A$1048576) -> 46184 | J3: =+VLOOKUP(A3,[1]CER_implicito!$A:$G,4) -> 742.24797 | K3: =+(J3/C3)^(30/(I3-B3))-1 -> 0.018601266 | L3: 46324 | M3: =+WORKDAY.INTL(L3,-10,1,Feriados!$A$2:$A$1048576) -> 46310 | N3: =+VLOOKUP(A3,[1]CER_implicito!$A:$G,6) -> 794.77175 | O3: =+(N3/C3)^(30/(M3-B3))-1 -> 0.017774887 | T3: 46507 | U3: =+WORKDAY.INTL(T3,-10,1,Feriados!$A$2:$A$1048576) -> 46493 | V3: =+VLOOKUP(A3,[1]CER_implicito!$A:$G,5) -> 861.91777 | W3: =+(V3/C3)^(30/(U3-B3))-1 -> 0.016218733
A4: =+[1]CER_implicito!$A421 -> 45975 | B4: 46006 | C4: =+VLOOKUP(B4,'Sheet1 (2)'!A:C,3) -> 668.23433 | H4: 46202 | I4: =+WORKDAY.INTL(H4,-10,1,Feriados!$A$2:$A$1048576) -> 46184 | J4: =+VLOOKUP(A4,[1]CER_implicito!$A:$G,4) -> 739.63156 | K4: =+(J4/C4)^(30/(I4-B4))-1 -> 0.017256173 | L4: 46324 | M4: =+WORKDAY.INTL(L4,-10,1,Feriados!$A$2:$A$1048576) -> 46310 | N4: =+VLOOKUP(A4,[1]CER_implicito!$A:$G,6) -> 792.86688 | O4: =+(N4/C4)^(30/(M4-B4))-1 -> 0.017019836 | T4: =+T3 -> 46507 | U4: =+U3 -> 46493 | V4: =+VLOOKUP(A4,[1]CER_implicito!$A:$G,5) -> 859.83044 | W4: =+(V4/C4)^(30/(U4-B4))-1 -> 0.015650756
A5: =+[1]CER_implicito!$A422 -> 45978 | B5: 46006 | C5: =+VLOOKUP(B5,'Sheet1 (2)'!A:C,3) -> 668.23433 | H5: 46202 | I5: =+WORKDAY.INTL(H5,-10,1,Feriados!$A$2:$A$1048576) -> 46184 | J5: =+VLOOKUP(A5,[1]CER_implicito!$A:$G,4) -> 739.83268 | K5: =+(J5/C5)^(30/(I5-B5))-1 -> 0.017302789 | L5: 46324 | M5: =+WORKDAY.INTL(L5,-10,1,Feriados!$A$2:$A$1048576) -> 46310 | N5: =+VLOOKUP(A5,[1]CER_implicito!$A:$G,6) -> 791.47917 | O5: =+(N5/C5)^(30/(M5-B5))-1 -> 0.016844037 | T5: =+T4 -> 46507 | U5: =+U4 -> 46493 | V5: =+VLOOKUP(A5,[1]CER_implicito!$A:$G,5) -> 862.45834 | W5: =+(V5/C5)^(30/(U5-B5))-1 -> 0.015841703
A6: =+[1]CER_implicito!$A423 -> 45979 | B6: 46006 | C6: =+VLOOKUP(B6,'Sheet1 (2)'!A:C,3) -> 668.23433 | H6: 46202 | I6: =+WORKDAY.INTL(H6,-10,1,Feriados!$A$2:$A$1048576) -> 46184 | J6: =+VLOOKUP(A6,[1]CER_implicito!$A:$G,4) -> 741.93269 | K6: =+(J6/C6)^(30/(I6-B6))-1 -> 0.017788891 | L6: 46324 | M6: =+WORKDAY.INTL(L6,-10,1,Feriados!$A$2:$A$1048576) -> 46310 | N6: =+VLOOKUP(A6,[1]CER_implicito!$A:$G,6) -> 794.6249 | O6: =+(N6/C6)^(30/(M6-B6))-1 -> 0.01724215 | T6: =+T5 -> 46507 | U6: =+U5 -> 46493 | V6: =+VLOOKUP(A6,[1]CER_implicito!$A:$G,5) -> 856.13145 | W6: =+(V6/C6)^(30/(U6-B6))-1 -> 0.015381054
A7: =+[1]CER_implicito!$A424 -> 45980 | B7: 46006 | C7: =+VLOOKUP(B7,'Sheet1 (2)'!A:C,3) -> 668.23433 | H7: 46202 | I7: =+WORKDAY.INTL(H7,-10,1,Feriados!$A$2:$A$1048576) -> 46184 | J7: =+VLOOKUP(A7,[1]CER_implicito!$A:$G,4) -> 742.37598 | K7: =+(J7/C7)^(30/(I7-B7))-1 -> 0.017891355 | L7: 46324 | M7: =+WORKDAY.INTL(L7,-10,1,Feriados!$A$2:$A$1048576) -> 46310 | N7: =+VLOOKUP(A7,[1]CER_implicito!$A:$G,6) -> 793.92094 | O7: =+(N7/C7)^(30/(M7-B7))-1 -> 0.017153183 | T7: =+T6 -> 46507 | U7: =+U6 -> 46493 | V7: =+VLOOKUP(A7,[1]CER_implicito!$A:$G,5) -> 865.9161 | W7: =+(V7/C7)^(30/(U7-B7))-1 -> 0.016092117
A8: =+[1]CER_implicito!$A425 -> 45981 | B8: 46006 | C8: =+VLOOKUP(B8,'Sheet1 (2)'!A:C,3) -> 668.23433 | H8: 46202 | I8: =+WORKDAY.INTL(H8,-10,1,Feriados!$A$2:$A$1048576) -> 46184 | J8: =+VLOOKUP(A8,[1]CER_implicito!$A:$G,4) -> 747.89722 | K8: =+(J8/C8)^(30/(I8-B8))-1 -> 0.019163325 | L8: 46324 | M8: =+WORKDAY.INTL(L8,-10,1,Feriados!$A$2:$A$1048576) -> 46310 | N8: =+VLOOKUP(A8,[1]CER_implicito!$A:$G,6) -> 797.36194 | O8: =+(N8/C8)^(30/(M8-B8))-1 -> 0.017587388 | T8: =+T7 -> 46507 | U8: =+U7 -> 46493 | V8: =+VLOOKUP(A8,[1]CER_implicito!$A:$G,5) -> 867.98852 | W8: =+(V8/C8)^(30/(U8-B8))-1 -> 0.016241755
A9: =+[1]CER_implicito!$A426 -> 45982 | B9: 46006 | C9: =+VLOOKUP(B9,'Sheet1 (2)'!A:C,3) -> 668.23433 | H9: 46202 | I9: =+WORKDAY.INTL(H9,-10,1,Feriados!$A$2:$A$1048576) -> 46184 | J9: =+VLOOKUP(A9,[1]CER_implicito!$A:$G,4) -> 0 | K9: =+(J9/C9)^(30/(I9-B9))-1 -> -1 | L9: 46324 | M9: =+WORKDAY.INTL(L9,-10,1,Feriados!$A$2:$A$1048576) -> 46310 | N9: =+VLOOKUP(A9,[1]CER_implicito!$A:$G,6) -> 0 | O9: =+(N9/C9)^(30/(M9-B9))-1 -> -1 | T9: =+T8 -> 46507 | U9: =+U8 -> 46493 | V9: =+VLOOKUP(A9,[1]CER_implicito!$A:$G,5) -> 0 | W9: =+(V9/C9)^(30/(U9-B9))-1 -> -1
A10: =+[1]CER_implicito!$A427 -> 45986 | B10: 46006 | C10: =+VLOOKUP(B10,'Sheet1 (2)'!A:C,3) -> 668.23433 | H10: 46202 | I10: =+WORKDAY.INTL(H10,-10,1,Feriados!$A$2:$A$1048576) -> 46184 | J10: =+VLOOKUP(A10,[1]CER_implicito!$A:$G,4) -> 746.36266 | K10: =+(J10/C10)^(30/(I10-B10))-1 -> 0.018810582 | L10: 46324 | M10: =+WORKDAY.INTL(L10,-10,1,Feriados!$A$2:$A$1048576) -> 46310 | N10: =+VLOOKUP(A10,[1]CER_implicito!$A:$G,6) -> 793.73991 | O10: =+(N10/C10)^(30/(M10-B10))-1 -> 0.017130293 | T10: =+T9 -> 46507 | U10: =+U9 -> 46493 | V10: =+VLOOKUP(A10,[1]CER_implicito!$A:$G,5) -> 868.10671 | W10: =+(V10/C10)^(30/(U10-B10))-1 -> 0.016250278
A11: =+[1]CER_implicito!$A428 -> 45987 | B11: 46006 | C11: =+VLOOKUP(B11,'Sheet1 (2)'!A:C,3) -> 668.23433 | H11: 46202 | I11: =+WORKDAY.INTL(H11,-10,1,Feriados!$A$2:$A$1048576) -> 46184 | J11: =+VLOOKUP(A11,[1]CER_implicito!$A:$G,4) -> 747.72902 | K11: =+(J11/C11)^(30/(I11-B11))-1 -> 0.019124691 | L11: 46324 | M11: =+WORKDAY.INTL(L11,-10,1,Feriados!$A$2:$A$1048576) -> 46310 | N11: =+VLOOKUP(A11,[1]CER_implicito!$A:$G,6) -> 795.84696 | O11: =+(N11/C11)^(30/(M11-B11))-1 -> 0.017396428 | T11: =+T10 -> 46507 | U11: =+U10 -> 46493 | V11: =+VLOOKUP(A11,[1]CER_implicito!$A:$G,5) -> 869.00189 | W11: =+(V11/C11)^(30/(U11-B11))-1 -> 0.016314802
A12: =+[1]CER_implicito!$A429 -> 45988 | B12: 46006 | C12: =+VLOOKUP(B12,'Sheet1 (2)'!A:C,3) -> 668.23433 | H12: 46202 | I12: =+WORKDAY.INTL(H12,-10,1,Feriados!$A$2:$A$1048576) -> 46184 | J12: =+VLOOKUP(A12,[1]CER_implicito!$A:$G,4) -> 747.91627 | K12: =+(J12/C12)^(30/(I12-B12))-1 -> 0.0191677 | L12: 46324 | M12: =+WORKDAY.INTL(L12,-10,1,Feriados!$A$2:$A$1048576) -> 46310 | N12: =+VLOOKUP(A12,[1]CER_implicito!$A:$G,6) -> 794.73773 | O12: =+(N12/C12)^(30/(M12-B12))-1 -> 0.017256403 | T12: =+T11 -> 46507 | U12: =+U11 -> 46493 | V12: =+VLOOKUP(A12,[1]CER_implicito!$A:$G,5) -> 867.91189 | W12: =+(V12/C12)^(30/(U12-B12))-1 -> 0.016236227
A13: =+[1]CER_implicito!$A430 -> 45989 | B13: 46006 | C13: =+VLOOKUP(B13,'Sheet1 (2)'!A:C,3) -> 668.23433 | H13: 46202 | I13: =+WORKDAY.INTL(H13,-10,1,Feriados!$A$2:$A$1048576) -> 46184 | J13: =+VLOOKUP(A13,[1]CER_implicito!$A:$G,4) -> 747.615 | K13: =+(J13/C13)^(30/(I13-B13))-1 -> 0.019098497 | L13: 46324 | M13: =+WORKDAY.INTL(L13,-10,1,Feriados!$A$2:$A$1048576) -> 46310 | N13: =+VLOOKUP(A13,[1]CER_implicito!$A:$G,6) -> 790.63388 | O13: =+(N13/C13)^(30/(M13-B13))-1 -> 0.016736817 | T13: =+T12 -> 46507 | U13: =+U12 -> 46493 | V13: =+VLOOKUP(A13,[1]CER_implicito!$A:$G,5) -> 864.29714 | W13: =+(V13/C13)^(30/(U13-B13))-1 -> 0.015974987
A14: =+[1]CER_implicito!$A431 -> 45992 | B14: 46006 | C14: =+VLOOKUP(B14,'Sheet1 (2)'!A:C,3) -> 668.23433 | H14: 46202 | I14: =+WORKDAY.INTL(H14,-10,1,Feriados!$A$2:$A$1048576) -> 46184 | J14: =+VLOOKUP(A14,[1]CER_implicito!$A:$G,4) -> 743.88008 | K14: =+(J14/C14)^(30/(I14-B14))-1 -> 0.018238643 | L14: 46324 | M14: =+WORKDAY.INTL(L14,-10,1,Feriados!$A$2:$A$1048576) -> 46310 | N14: =+VLOOKUP(A14,[1]CER_implicito!$A:$G,6) -> 790.85123 | O14: =+(N14/C14)^(30/(M14-B14))-1 -> 0.016764395 | T14: =+T13 -> 46507 | U14: =+U13 -> 46493 | V14: =+VLOOKUP(A14,[1]CER_implicito!$A:$G,5) -> 862.73534 | W14: =+(V14/C14)^(30/(U14-B14))-1 -> 0.015861798
A15: =+[1]CER_implicito!$A432 -> 45993 | B15: 46006 | C15: =+VLOOKUP(B15,'Sheet1 (2)'!A:C,3) -> 668.23433 | H15: 46202 | I15: =+WORKDAY.INTL(H15,-10,1,Feriados!$A$2:$A$1048576) -> 46184 | J15: =+VLOOKUP(A15,[1]CER_implicito!$A:$G,4) -> 742.60707 | K15: =+(J15/C15)^(30/(I15-B15))-1 -> 0.017944751 | L15: 46324 | M15: =+WORKDAY.INTL(L15,-10,1,Feriados!$A$2:$A$1048576) -> 46310 | N15: =+VLOOKUP(A15,[1]CER_implicito!$A:$G,6) -> 790.72969 | O15: =+(N15/C15)^(30/(M15-B15))-1 -> 0.016748975 | T15: =+T14 -> 46507 | U15: =+U14 -> 46493 | V15: =+VLOOKUP(A15,[1]CER_implicito!$A:$G,5) -> 860.14172 | W15: =+(V15/C15)^(30/(U15-B15))-1 -> 0.015673403
... A20: =+[1]CER_implicito!$A437 -> 46001 | B20: 46006 | C20: =+VLOOKUP(B20,'Sheet1 (2)'!A:C,3) -> 668.23433 | H20: 46202 | I20: =+WORKDAY.INTL(H20,-10,1,Feriados!$A$2:$A$1048576) -> 46184 | J20: =+VLOOKUP(A20,[1]CER_implicito!$A:$G,4) -> 742.5736 | K20: =+(J20/C20)^(30/(I20-B20))-1 -> 0.017937018 | L20: 46324 | M20: =+WORKDAY.INTL(L20,-10,1,Feriados!$A$2:$A$1048576) -> 46310 | N20: =+VLOOKUP(A20,[1]CER_implicito!$A:$G,6) -> 785.84933 | O20: =+(N20/C20)^(30/(M20-B20))-1 -> 0.016127968 | T20: =+T19 -> 46507 | U20: =+U19 -> 46493 | V20: =+VLOOKUP(A20,[1]CER_implicito!$A:$G,5) -> 860.58682 | W20: =+(V20/C20)^(30/(U20-B20))-1 -> 0.015705772
A21: =+[1]CER_implicito!$A438 -> 46002 | B21: 46006 | C21: =+VLOOKUP(B21,'Sheet1 (2)'!A:C,3) -> 668.23433 | H21: 46202 | I21: =+WORKDAY.INTL(H21,-10,1,Feriados!$A$2:$A$1048576) -> 46184 | J21: =+VLOOKUP(A21,[1]CER_implicito!$A:$G,4) -> 745.7221 | K21: =+(J21/C21)^(30/(I21-B21))-1 -> 0.018663161 | L21: 46324 | M21: =+WORKDAY.INTL(L21,-10,1,Feriados!$A$2:$A$1048576) -> 46310 | N21: =+VLOOKUP(A21,[1]CER_implicito!$A:$G,6) -> 786.86073 | O21: =+(N21/C21)^(30/(M21-B21))-1 -> 0.016256949 | P21: 46171 | Q21: =+WORKDAY.INTL(P21,-10,1,Feriados!$A$2:$A$1048576) -> 46156 | R21: =+VLOOKUP(A21,[1]CER_implicito!$A:$G,7) -> 734.20924 | S21: =+(R21/C21)^(30/(Q21-B21))-1 -> 0.019009453 | T21: =+T20 -> 46507 | U21: =+U20 -> 46493 | V21: =+VLOOKUP(A21,[1]CER_implicito!$A:$G,5) -> 862.52293 | W21: =+(V21/C21)^(30/(U21-B21))-1 -> 0.015846389
A22: =+[1]CER_implicito!$A439 -> 46003 | B22: 46006 | C22: =+VLOOKUP(B22,'Sheet1 (2)'!A:C,3) -> 668.23433 | H22: 46202 | I22: =+WORKDAY.INTL(H22,-10,1,Feriados!$A$2:$A$1048576) -> 46184 | J22: =+VLOOKUP(A22,[1]CER_implicito!$A:$G,4) -> 748.74002 | K22: =+(J22/C22)^(30/(I22-B22))-1 -> 0.0193568 | L22: 46324 | M22: =+WORKDAY.INTL(L22,-10,1,Feriados!$A$2:$A$1048576) -> 46310 | N22: =+VLOOKUP(A22,[1]CER_implicito!$A:$G,6) -> 787.72296 | O22: =+(N22/C22)^(30/(M22-B22))-1 -> 0.01636679 | P22: 46171 | Q22: =+WORKDAY.INTL(P22,-10,1,Feriados!$A$2:$A$1048576) -> 46156 | R22: =+VLOOKUP(A22,[1]CER_implicito!$A:$G,7) -> 736.06313 | S22: =+(R22/C22)^(30/(Q22-B22))-1 -> 0.019523537 | T22: =+T21 -> 46507 | U22: =+U21 -> 46493 | V22: =+VLOOKUP(A22,[1]CER_implicito!$A:$G,5) -> 862.37513 | W22: =+(V22/C22)^(30/(U22-B22))-1 -> 0.015835665
A23: =+[1]CER_implicito!$A440 -> 46006 | B23: 46037 | C23: =+VLOOKUP(B23,'Sheet1 (2)'!A:C,3) -> 684.94019 | H23: 46202 | I23: =+WORKDAY.INTL(H23,-10,1,Feriados!$A$2:$A$1048576) -> 46184 | J23: =+VLOOKUP(A23,[1]CER_implicito!$A:$G,4) -> 755.54177 | K23: =+(J23/C23)^(30/(I23-B23))-1 -> 0.020222901 | L23: 46324 | M23: =+WORKDAY.INTL(L23,-10,1,Feriados!$A$2:$A$1048576) -> 46310 | N23: =+VLOOKUP(A23,[1]CER_implicito!$A:$G,6) -> 791.52794 | O23: =+(N23/C23)^(30/(M23-B23))-1 -> 0.016020788 | P23: 46171 | Q23: =+WORKDAY.INTL(P23,-10,1,Feriados!$A$2:$A$1048576) -> 46156 | R23: =+VLOOKUP(A23,[1]CER_implicito!$A:$G,7) -> 738.52965 | S23: =+(R23/C23)^(30/(Q23-B23))-1 -> 0.019172159 | T23: =+T22 -> 46507 | U23: =+U22 -> 46493 | V23: =+VLOOKUP(A23,[1]CER_implicito!$A:$G,5) -> 871.39922 | W23: =+(V23/C23)^(30/(U23-B23))-1 -> 0.015966164
A24: =+[1]CER_implicito!$A441 -> 46007 | B24: 46037 | C24: =+VLOOKUP(B24,'Sheet1 (2)'!A:C,3) -> 684.94019 | H24: 46202 | I24: =+WORKDAY.INTL(H24,-10,1,Feriados!$A$2:$A$1048576) -> 46184 | J24: =+VLOOKUP(A24,[1]CER_implicito!$A:$G,4) -> 753.83229 | K24: =+(J24/C24)^(30/(I24-B24))-1 -> 0.019751384 | L24: 46324 | M24: =+WORKDAY.INTL(L24,-10,1,Feriados!$A$2:$A$1048576) -> 46310 | N24: =+VLOOKUP(A24,[1]CER_implicito!$A:$G,6) -> 799.08227 | O24: =+(N24/C24)^(30/(M24-B24))-1 -> 0.017081879 | P24: 46171 | Q24: =+WORKDAY.INTL(P24,-10,1,Feriados!$A$2:$A$1048576) -> 46156 | R24: =+VLOOKUP(A24,[1]CER_implicito!$A:$G,7) -> 741.32088 | S24: =+(R24/C24)^(30/(Q24-B24))-1 -> 0.020141859 | T24: =+T23 -> 46507 | U24: =+U23 -> 46493 | V24: =+VLOOKUP(A24,[1]CER_implicito!$A:$G,5) -> 873.41107 | W24: =+(V24/C24)^(30/(U24-B24))-1 -> 0.016120315
A25: =+[1]CER_implicito!$A442 -> 46008 | B25: 46037 | C25: =+VLOOKUP(B25,'Sheet1 (2)'!A:C,3) -> 684.94019 | H25: 46202 | I25: =+WORKDAY.INTL(H25,-10,1,Feriados!$A$2:$A$1048576) -> 46184 | J25: =+VLOOKUP(A25,[1]CER_implicito!$A:$G,4) -> 755.00394 | K25: =+(J25/C25)^(30/(I25-B25))-1 -> 0.020074645 | L25: 46324 | M25: =+WORKDAY.INTL(L25,-10,1,Feriados!$A$2:$A$1048576) -> 46310 | N25: =+VLOOKUP(A25,[1]CER_implicito!$A:$G,6) -> 795.17525 | O25: =+(N25/C25)^(30/(M25-B25))-1 -> 0.016534215 | P25: 46171 | Q25: =+WORKDAY.INTL(P25,-10,1,Feriados!$A$2:$A$1048576) -> 46156 | R25: =+VLOOKUP(A25,[1]CER_implicito!$A:$G,7) -> 743.01403 | S25: =+(R25/C25)^(30/(Q25-B25))-1 -> 0.020728744 | T25: =+T24 -> 46507 | U25: =+U24 -> 46493 | V25: =+VLOOKUP(A25,[1]CER_implicito!$A:$G,5) -> 876.51995 | W25: =+(V25/C25)^(30/(U25-B25))-1 -> 0.016357871
A26: =+[1]CER_implicito!$A443 -> 46009 | B26: 46037 | C26: =+VLOOKUP(B26,'Sheet1 (2)'!A:C,3) -> 684.94019 | H26: 46202 | I26: =+WORKDAY.INTL(H26,-10,1,Feriados!$A$2:$A$1048576) -> 46184 | J26: =+VLOOKUP(A26,[1]CER_implicito!$A:$G,4) -> 758.01197 | K26: =+(J26/C26)^(30/(I26-B26))-1 -> 0.020902741 | L26: 46324 | M26: =+WORKDAY.INTL(L26,-10,1,Feriados!$A$2:$A$1048576) -> 46310 | N26: =+VLOOKUP(A26,[1]CER_implicito!$A:$G,6) -> 798.28517 | O26: =+(N26/C26)^(30/(M26-B26))-1 -> 0.016970341 | P26: 46171 | Q26: =+WORKDAY.INTL(P26,-10,1,Feriados!$A$2:$A$1048576) -> 46156 | R26: =+VLOOKUP(A26,[1]CER_implicito!$A:$G,7) -> 743.3927 | S26: =+(R26/C26)^(30/(Q26-B26))-1 -> 0.020859862 | T26: =+T25 -> 46507 | U26: =+U25 -> 46493 | V26: =+VLOOKUP(A26,[1]CER_implicito!$A:$G,5) -> 877.13485 | W26: =+(V26/C26)^(30/(U26-B26))-1 -> 0.016404764
A27: =+[1]CER_implicito!$A444 -> 46010 | B27: 46037 | C27: =+VLOOKUP(B27,'Sheet1 (2)'!A:C,3) -> 684.94019 | H27: 46202 | I27: =+WORKDAY.INTL(H27,-10,1,Feriados!$A$2:$A$1048576) -> 46184 | J27: =+VLOOKUP(A27,[1]CER_implicito!$A:$G,4) -> 758.78056 | K27: =+(J27/C27)^(30/(I27-B27))-1 -> 0.021113911 | L27: 46324 | M27: =+WORKDAY.INTL(L27,-10,1,Feriados!$A$2:$A$1048576) -> 46310 | N27: =+VLOOKUP(A27,[1]CER_implicito!$A:$G,6) -> 800.89858 | O27: =+(N27/C27)^(30/(M27-B27))-1 -> 0.01733567 | P27: 46171 | Q27: =+WORKDAY.INTL(P27,-10,1,Feriados!$A$2:$A$1048576) -> 46156 | R27: =+VLOOKUP(A27,[1]CER_implicito!$A:$G,7) -> 743.34709 | S27: =+(R27/C27)^(30/(Q27-B27))-1 -> 0.020844073 | T27: =+T26 -> 46507 | U27: =+U26 -> 46493 | V27: =+VLOOKUP(A27,[1]CER_implicito!$A:$G,5) -> 879.13465 | W27: =+(V27/C27)^(30/(U27-B27))-1 -> 0.016557057
A28: =+[1]CER_implicito!$A445 -> 46013 | B28: 46037 | C28: =+VLOOKUP(B28,'Sheet1 (2)'!A:C,3) -> 684.94019 | H28: 46202 | I28: =+WORKDAY.INTL(H28,-10,1,Feriados!$A$2:$A$1048576) -> 46184 | J28: =+VLOOKUP(A28,[1]CER_implicito!$A:$G,4) -> 758.75674 | K28: =+(J28/C28)^(30/(I28-B28))-1 -> 0.021107371 | L28: 46324 | M28: =+WORKDAY.INTL(L28,-10,1,Feriados!$A$2:$A$1048576) -> 46310 | N28: =+VLOOKUP(A28,[1]CER_implicito!$A:$G,6) -> 800.20918 | O28: =+(N28/C28)^(30/(M28-B28))-1 -> 0.017239401 | P28: 46171 | Q28: =+WORKDAY.INTL(P28,-10,1,Feriados!$A$2:$A$1048576) -> 46156 | R28: =+VLOOKUP(A28,[1]CER_implicito!$A:$G,7) -> 742.52286 | S28: =+(R28/C28)^(30/(Q28-B28))-1 -> 0.020558595 | T28: =+T27 -> 46507 | U28: =+U27 -> 46493 | V28: =+VLOOKUP(A28,[1]CER_implicito!$A:$G,5) -> 874.51665 | W28: =+(V28/C28)^(30/(U28-B28))-1 -> 0.016204886
A29: =+[1]CER_implicito!$A446 -> 46014 | B29: 46037 | C29: =+VLOOKUP(B29,'Sheet1 (2)'!A:C,3) -> 684.94019 | H29: 46202 | I29: =+WORKDAY.INTL(H29,-10,1,Feriados!$A$2:$A$1048576) -> 46184 | J29: =+VLOOKUP(A29,[1]CER_implicito!$A:$G,4) -> 758.44981 | K29: =+(J29/C29)^(30/(I29-B29))-1 -> 0.021023059 | L29: 46324 | M29: =+WORKDAY.INTL(L29,-10,1,Feriados!$A$2:$A$1048576) -> 46310 | N29: =+VLOOKUP(A29,[1]CER_implicito!$A:$G,6) -> 801.30311 | O29: =+(N29/C29)^(30/(M29-B29))-1 -> 0.017392125 | P29: 46171 | Q29: =+WORKDAY.INTL(P29,-10,1,Feriados!$A$2:$A$1048576) -> 46156 | R29: =+VLOOKUP(A29,[1]CER_implicito!$A:$G,7) -> 744.63794 | S29: =+(R29/C29)^(30/(Q29-B29))-1 -> 0.021290689 | T29: =+T28 -> 46507 | U29: =+U28 -> 46493 | V29: =+VLOOKUP(A29,[1]CER_implicito!$A:$G,5) -> 876.94278 | W29: =+(V29/C29)^(30/(U29-B29))-1 -> 0.01639012
A30: =+[1]CER_implicito!$A447 -> 46015 | B30: 46037 | C30: =+VLOOKUP(B30,'Sheet1 (2)'!A:C,3) -> 684.94019 | H30: 46202 | I30: =+WORKDAY.INTL(H30,-10,1,Feriados!$A$2:$A$1048576) -> 46184 | J30: =+VLOOKUP(A30,[1]CER_implicito!$A:$G,4) -> 760.05033 | K30: =+(J30/C30)^(30/(I30-B30))-1 -> 0.021462409 | L30: 46324 | M30: =+WORKDAY.INTL(L30,-10,1,Feriados!$A$2:$A$1048576) -> 46310 | N30: =+VLOOKUP(A30,[1]CER_implicito!$A:$G,6) -> 797.53077 | O30: =+(N30/C30)^(30/(M30-B30))-1 -> 0.016864684 | P30: 46171 | Q30: =+WORKDAY.INTL(P30,-10,1,Feriados!$A$2:$A$1048576) -> 46156 | R30: =+VLOOKUP(A30,[1]CER_implicito!$A:$G,7) -> 748.71939 | S30: =+(R30/C30)^(30/(Q30-B30))-1 -> 0.02269902 | T30: =+T29 -> 46507 | U30: =+U29 -> 46493 | V30: =+VLOOKUP(A30,[1]CER_implicito!$A:$G,5) -> 883.29141 | W30: =+(V30/C30)^(30/(U30-B30))-1 -> 0.01687258
A31: =+[1]CER_implicito!$A448 -> 46017 | B31: 46037 | C31: =+VLOOKUP(B31,'Sheet1 (2)'!A:C,3) -> 684.94019 | D31: 46112 | E31: =+WORKDAY.INTL(D31,-10,1,Feriados!$A$2:$A$1048576) -> 46094 | F31: =+VLOOKUP(A31,[1]CER_implicito!$A:$G,3) -> 716.64555 | G31: =+(F31/C31)^(30/(E31-B31))-1 -> 0.024101569 | H31: 46202 | I31: =+WORKDAY.INTL(H31,-10,1,Feriados!$A$2:$A$1048576) -> 46184 | J31: =+VLOOKUP(A31,[1]CER_implicito!$A:$G,4) -> 758.91597 | K31: =+(J31/C31)^(30/(I31-B31))-1 -> 0.021151098 | L31: 46324 | M31: =+WORKDAY.INTL(L31,-10,1,Feriados!$A$2:$A$1048576) -> 46310 | N31: =+VLOOKUP(A31,[1]CER_implicito!$A:$G,6) -> 801.78195 | O31: =+(N31/C31)^(30/(M31-B31))-1 -> 0.017458916 | P31: 46171 | Q31: =+WORKDAY.INTL(P31,-10,1,Feriados!$A$2:$A$1048576) -> 46156 | R31: =+VLOOKUP(A31,[1]CER_implicito!$A:$G,7) -> 746.32848 | S31: =+(R31/C31)^(30/(Q31-B31))-1 -> 0.021874721 | T31: =+T30 -> 46507 | U31: =+U30 -> 46493 | V31: =+VLOOKUP(A31,[1]CER_implicito!$A:$G,5) -> 875.72231 | W31: =+(V31/C31)^(30/(U31-B31))-1 -> 0.016296997
A32: =+[1]CER_implicito!$A449 -> 46020 | B32: 46037 | C32: =+VLOOKUP(B32,'Sheet1 (2)'!A:C,3) -> 684.94019 | D32: =+D31 -> 46112 | E32: =+E31 -> 46094 | F32: =+VLOOKUP(A32,[1]CER_implicito!$A:$G,3) -> 713.85085 | G32: =+(F32/C32)^(30/(E32-B32))-1 -> 0.021997684 | H32: 46202 | I32: =+WORKDAY.INTL(H32,-10,1,Feriados!$A$2:$A$1048576) -> 46184 | J32: =+VLOOKUP(A32,[1]CER_implicito!$A:$G,4) -> 755.2018 | K32: =+(J32/C32)^(30/(I32-B32))-1 -> 0.020129195 | L32: 46324 | M32: =+WORKDAY.INTL(L32,-10,1,Feriados!$A$2:$A$1048576) -> 46310 | N32: =+VLOOKUP(A32,[1]CER_implicito!$A:$G,6) -> 799.63678 | O32: =+(N32/C32)^(30/(M32-B32))-1 -> 0.017159416 | P32: 46171 | Q32: =+WORKDAY.INTL(P32,-10,1,Feriados!$A$2:$A$1048576) -> 46156 | R32: =+VLOOKUP(A32,[1]CER_implicito!$A:$G,7) -> 743.68981 | S32: =+(R32/C32)^(30/(Q32-B32))-1 -> 0.020962704 | T32: =+T31 -> 46507 | U32: =+U31 -> 46493 | V32: =+VLOOKUP(A32,[1]CER_implicito!$A:$G,5) -> 881.0239 | W32: =+(V32/C32)^(30/(U32-B32))-1 -> 0.016700635
A33: =+[1]CER_implicito!$A450 -> 46021 | B33: 46037 | C33: =+VLOOKUP(B33,'Sheet1 (2)'!A:C,3) -> 684.94019 | D33: 46112 | E33: =+WORKDAY.INTL(D33,-10,1,Feriados!$A$2:$A$1048576) -> 46094 | F33: =+VLOOKUP(A33,[1]CER_implicito!$A:$G,3) -> 716.73926 | G33: =+(F33/C33)^(30/(E33-B33))-1 -> 0.02417205 | H33: 46202 | I33: =+WORKDAY.INTL(H33,-10,1,Feriados!$A$2:$A$1048576) -> 46184 | J33: =+VLOOKUP(A33,[1]CER_implicito!$A:$G,4) -> 757.52009 | K33: =+(J33/C33)^(30/(I33-B33))-1 -> 0.020767511 | L33: 46324 | M33: =+WORKDAY.INTL(L33,-10,1,Feriados!$A$2:$A$1048576) -> 46310 | N33: =+VLOOKUP(A33,[1]CER_implicito!$A:$G,6) -> 795.62831 | O33: =+(N33/C33)^(30/(M33-B33))-1 -> 0.016597845 | P33: 46171 | Q33: =+WORKDAY.INTL(P33,-10,1,Feriados!$A$2:$A$1048576) -> 46156 | R33: =+VLOOKUP(A33,[1]CER_implicito!$A:$G,7) -> 746.42978 | S33: =+(R33/C33)^(30/(Q33-B33))-1 -> 0.021909686 | T33: =+T32 -> 46507 | U33: =+U32 -> 46493 | V33: =+VLOOKUP(A33,[1]CER_implicito!$A:$G,5) -> 875.19452 | W33: =+(V33/C33)^(30/(U33-B33))-1 -> 0.016256689
A34: =+[1]CER_implicito!$A451 -> 46024 | B34: 46037 | C34: =+VLOOKUP(B34,'Sheet1 (2)'!A:C,3) -> 684.94019 | D34: 46112 | E34: =+E33 -> 46094 | F34: =+VLOOKUP(A34,[1]CER_implicito!$A:$G,3) -> 715.20295 | G34: =+(F34/C34)^(30/(E34-B34))-1 -> 0.023016051 | H34: 46202 | I34: =+WORKDAY.INTL(H34,-10,1,Feriados!$A$2:$A$1048576) -> 46184 | J34: =+VLOOKUP(A34,[1]CER_implicito!$A:$G,4) -> 756.45809 | K34: =+(J34/C34)^(30/(I34-B34))-1 -> 0.020475293 | L34: 46324 | M34: =+WORKDAY.INTL(L34,-10,1,Feriados!$A$2:$A$1048576) -> 46310 | N34: =+VLOOKUP(A34,[1]CER_implicito!$A:$G,6) -> 802.34405 | O34: =+(N34/C34)^(30/(M34-B34))-1 -> 0.017537277 | P34: 46171 | Q34: =+WORKDAY.INTL(P34,-10,1,Feriados!$A$2:$A$1048576) -> 46156 | R34: =+VLOOKUP(A34,[1]CER_implicito!$A:$G,7) -> 745.65466 | S34: =+(R34/C34)^(30/(Q34-B34))-1 -> 0.021642054 | T34: =+T33 -> 46507 | U34: =+U33 -> 46493 | V34: =+VLOOKUP(A34,[1]CER_implicito!$A:$G,5) -> 885.22705 | W34: =+(V34/C34)^(30/(U34-B34))-1 -> 0.017019034
A35: =+[1]CER_implicito!$A452 -> 46027 | B35: 46037 | C35: =+VLOOKUP(B35,'Sheet1 (2)'!A:C,3) -> 684.94019 | D35: 46112 | E35: =+WORKDAY.INTL(D35,-10,1,Feriados!$A$2:$A$1048576) -> 46094 | F35: =+VLOOKUP(A35,[1]CER_implicito!$A:$G,3) -> 716.14336 | G35: =+(F35/C35)^(30/(E35-B35))-1 -> 0.023723804 | H35: 46202 | I35: =+WORKDAY.INTL(H35,-10,1,Feriados!$A$2:$A$1048576) -> 46184 | J35: =+VLOOKUP(A35,[1]CER_implicito!$A:$G,4) -> 756.12386 | K35: =+(J35/C35)^(30/(I35-B35))-1 -> 0.02038326 | L35: 46324 | M35: =+WORKDAY.INTL(L35,-10,1,Feriados!$A$2:$A$1048576) -> 46310 | N35: =+VLOOKUP(A35,[1]CER_implicito!$A:$G,6) -> 807.67082 | O35: =+(N35/C35)^(30/(M35-B35))-1 -> 0.018277448 | P35: 46171 | Q35: =+WORKDAY.INTL(P35,-10,1,Feriados!$A$2:$A$1048576) -> 46156 | R35: =+VLOOKUP(A35,[1]CER_implicito!$A:$G,7) -> 743.60122 | S35: =+(R35/C35)^(30/(Q35-B35))-1 -> 0.020932044 | T35: =+T34 -> 46507 | U35: =+U34 -> 46493 | V35: =+VLOOKUP(A35,[1]CER_implicito!$A:$G,5) -> 885.01973 | W35: =+(V35/C35)^(30/(U35-B35))-1 -> 0.017003362
A36: =+[1]CER_implicito!$A453 -> 46028 | B36: 46037 | C36: =+VLOOKUP(B36,'Sheet1 (2)'!A:C,3) -> 684.94019 | D36: 46112 | E36: =+E35 -> 46094 | F36: =+VLOOKUP(A36,[1]CER_implicito!$A:$G,3) -> 716.27877 | G36: =+(F36/C36)^(30/(E36-B36))-1 -> 0.023825677 | H36: 46202 | I36: =+WORKDAY.INTL(H36,-10,1,Feriados!$A$2:$A$1048576) -> 46184 | J36: =+VLOOKUP(A36,[1]CER_implicito!$A:$G,4) -> 756.5812 | K36: =+(J36/C36)^(30/(I36-B36))-1 -> 0.020509184 | L36: 46324 | M36: =+WORKDAY.INTL(L36,-10,1,Feriados!$A$2:$A$1048576) -> 46310 | N36: =+VLOOKUP(A36,[1]CER_implicito!$A:$G,6) -> 811.69921 | O36: =+(N36/C36)^(30/(M36-B36))-1 -> 0.018834326 | P36: 46171 | Q36: =+WORKDAY.INTL(P36,-10,1,Feriados!$A$2:$A$1048576) -> 46156 | R36: =+VLOOKUP(A36,[1]CER_implicito!$A:$G,7) -> 742.97856 | S36: =+(R36/C36)^(30/(Q36-B36))-1 -> 0.02071646 | T36: =+T35 -> 46507 | U36: =+U35 -> 46493 | V36: =+VLOOKUP(A36,[1]CER_implicito!$A:$G,5) -> 884.98646 | W36: =+(V36/C36)^(30/(U36-B36))-1 -> 0.017000847
A37: =+[1]CER_implicito!$A454 -> 46029 | B37: 46037 | C37: =+VLOOKUP(B37,'Sheet1 (2)'!A:C,3) -> 684.94019 | D37: 46112 | E37: =+WORKDAY.INTL(D37,-10,1,Feriados!$A$2:$A$1048576) -> 46094 | F37: =+VLOOKUP(A37,[1]CER_implicito!$A:$G,3) -> 716.20246 | G37: =+(F37/C37)^(30/(E37-B37))-1 -> 0.023768267 | H37: 46202 | I37: =+WORKDAY.INTL(H37,-10,1,Feriados!$A$2:$A$1048576) -> 46184 | J37: =+VLOOKUP(A37,[1]CER_implicito!$A:$G,4) -> 758.42493 | K37: =+(J37/C37)^(30/(I37-B37))-1 -> 0.021016224 | L37: 46324 | M37: =+WORKDAY.INTL(L37,-10,1,Feriados!$A$2:$A$1048576) -> 46310 | N37: =+VLOOKUP(A37,[1]CER_implicito!$A:$G,6) -> 810.8678 | O37: =+(N37/C37)^(30/(M37-B37))-1 -> 0.018719596 | P37: 46171 | Q37: =+WORKDAY.INTL(P37,-10,1,Feriados!$A$2:$A$1048576) -> 46156 | R37: =+VLOOKUP(A37,[1]CER_implicito!$A:$G,7) -> 747.30031 | S37: =+(R37/C37)^(30/(Q37-B37))-1 -> 0.02221001 | T37: =+T36 -> 46507 | U37: =+U36 -> 46493 | V37: =+VLOOKUP(A37,[1]CER_implicito!$A:$G,5) -> 884.95023 | W37: =+(V37/C37)^(30/(U37-B37))-1 -> 0.016998107
A38: =+[1]CER_implicito!$A455 -> 46030 | B38: 46037 | C38: =+VLOOKUP(B38,'Sheet1 (2)'!A:C,3) -> 684.94019 | D38: 46112 | E38: =+E37 -> 46094 | F38: =+VLOOKUP(A38,[1]CER_implicito!$A:$G,3) -> 716.70003 | G38: =+(F38/C38)^(30/(E38-B38))-1 -> 0.024142547 | H38: 46202 | I38: =+WORKDAY.INTL(H38,-10,1,Feriados!$A$2:$A$1048576) -> 46184 | J38: =+VLOOKUP(A38,[1]CER_implicito!$A:$G,4) -> 759.08263 | K38: =+(J38/C38)^(30/(I38-B38))-1 -> 0.02119686 | L38: 46324 | M38: =+WORKDAY.INTL(L38,-10,1,Feriados!$A$2:$A$1048576) -> 46310 | N38: =+VLOOKUP(A38,[1]CER_implicito!$A:$G,6) -> 810.54381 | O38: =+(N38/C38)^(30/(M38-B38))-1 -> 0.018674858 | P38: 46171 | Q38: =+WORKDAY.INTL(P38,-10,1,Feriados!$A$2:$A$1048576) -> 46156 | R38: =+VLOOKUP(A38,[1]CER_implicito!$A:$G,7) -> 746.30786 | S38: =+(R38/C38)^(30/(Q38-B38))-1 -> 0.021867602 | T38: =+T37 -> 46507 | U38: =+U37 -> 46493 | V38: =+VLOOKUP(A38,[1]CER_implicito!$A:$G,5) -> 885.51874 | W38: =+(V38/C38)^(30/(U38-B38))-1 -> 0.017041078
A39: =+[1]CER_implicito!$A456 -> 46031 | B39: 46037 | C39: =+VLOOKUP(B39,'Sheet1 (2)'!A:C,3) -> 684.94019 | D39: 46112 | E39: =+WORKDAY.INTL(D39,-10,1,Feriados!$A$2:$A$1048576) -> 46094 | F39: =+VLOOKUP(A39,[1]CER_implicito!$A:$G,3) -> 718.89297 | G39: =+(F39/C39)^(30/(E39-B39))-1 -> 0.02579064 | H39: 46202 | I39: =+WORKDAY.INTL(H39,-10,1,Feriados!$A$2:$A$1048576) -> 46184 | J39: =+VLOOKUP(A39,[1]CER_implicito!$A:$G,4) -> 764.31618 | K39: =+(J39/C39)^(30/(I39-B39))-1 -> 0.022629813 | L39: 46324 | M39: =+WORKDAY.INTL(L39,-10,1,Feriados!$A$2:$A$1048576) -> 46310 | N39: =+VLOOKUP(A39,[1]CER_implicito!$A:$G,6) -> 816.27809 | O39: =+(N39/C39)^(30/(M39-B39))-1 -> 0.019464324 | P39: 46171 | Q39: =+WORKDAY.INTL(P39,-10,1,Feriados!$A$2:$A$1048576) -> 46156 | R39: =+VLOOKUP(A39,[1]CER_implicito!$A:$G,7) -> 749.64419 | S39: =+(R39/C39)^(30/(Q39-B39))-1 -> 0.023017329 | T39: =+T38 -> 46507 | U39: =+U38 -> 46493 | V39: =+VLOOKUP(A39,[1]CER_implicito!$A:$G,5) -> 890.1926 | W39: =+(V39/C39)^(30/(U39-B39))-1 -> 0.01739337
A40: =+[1]CER_implicito!$A457 -> 46034 | B40: 46037 | C40: =+VLOOKUP(B40,'Sheet1 (2)'!A:C,3) -> 684.94019 | D40: 46112 | E40: =+E39 -> 46094 | F40: =+VLOOKUP(A40,[1]CER_implicito!$A:$G,3) -> 717.36475 | G40: =+(F40/C40)^(30/(E40-B40))-1 -> 0.024642366 | H40: 46202 | I40: =+WORKDAY.INTL(H40,-10,1,Feriados!$A$2:$A$1048576) -> 46184 | J40: =+VLOOKUP(A40,[1]CER_implicito!$A:$G,4) -> 765.30477 | K40: =+(J40/C40)^(30/(I40-B40))-1 -> 0.022899615 | L40: 46324 | M40: =+WORKDAY.INTL(L40,-10,1,Feriados!$A$2:$A$1048576) -> 46310 | N40: =+VLOOKUP(A40,[1]CER_implicito!$A:$G,6) -> 813.28386 | O40: =+(N40/C40)^(30/(M40-B40))-1 -> 0.019052711 | P40: 46171 | Q40: =+WORKDAY.INTL(P40,-10,1,Feriados!$A$2:$A$1048576) -> 46156 | R40: =+VLOOKUP(A40,[1]CER_implicito!$A:$G,7) -> 748.66842 | S40: =+(R40/C40)^(30/(Q40-B40))-1 -> 0.022681467 | T40: =+T39 -> 46507 | U40: =+U39 -> 46493 | V40: =+VLOOKUP(A40,[1]CER_implicito!$A:$G,5) -> 891.96068 | W40: =+(V40/C40)^(30/(U40-B40))-1 -> 0.01752619
A41: =+[1]CER_implicito!$A458 -> 46035 | B41: 46037 | C41: =+VLOOKUP(B41,'Sheet1 (2)'!A:C,3) -> 684.94019 | D41: 46112 | E41: =+WORKDAY.INTL(D41,-10,1,Feriados!$A$2:$A$1048576) -> 46094 | F41: =+VLOOKUP(A41,[1]CER_implicito!$A:$G,3) -> 719.56874 | G41: =+(F41/C41)^(30/(E41-B41))-1 -> 0.026298031 | H41: 46202 | I41: =+WORKDAY.INTL(H41,-10,1,Feriados!$A$2:$A$1048576) -> 46184 | J41: =+VLOOKUP(A41,[1]CER_implicito!$A:$G,4) -> 766.03342 | K41: =+(J41/C41)^(30/(I41-B41))-1 -> 0.023098296 | L41: 46324 | M41: =+WORKDAY.INTL(L41,-10,1,Feriados!$A$2:$A$1048576) -> 46310 | N41: =+VLOOKUP(A41,[1]CER_implicito!$A:$G,6) -> 815.82023 | O41: =+(N41/C41)^(30/(M41-B41))-1 -> 0.019401469 | P41: 46171 | Q41: =+WORKDAY.INTL(P41,-10,1,Feriados!$A$2:$A$1048576) -> 46156 | R41: =+VLOOKUP(A41,[1]CER_implicito!$A:$G,7) -> 751.74175 | S41: =+(R41/C41)^(30/(Q41-B41))-1 -> 0.023738212 | T41: =+T40 -> 46507 | U41: =+U40 -> 46493 | V41: =+VLOOKUP(A41,[1]CER_implicito!$A:$G,5) -> 895.1788 | W41: =+(V41/C41)^(30/(U41-B41))-1 -> 0.017767307
A42: =+[1]CER_implicito!$A459 -> 46036 | B42: 46037 | C42: =+VLOOKUP(B42,'Sheet1 (2)'!A:C,3) -> 684.94019 | D42: 46112 | E42: =+E41 -> 46094 | F42: =+VLOOKUP(A42,[1]CER_implicito!$A:$G,3) -> 719.77817 | G42: =+(F42/C42)^(30/(E42-B42))-1 -> 0.026455226 | H42: 46202 | I42: =+WORKDAY.INTL(H42,-10,1,Feriados!$A$2:$A$1048576) -> 46184 | J42: =+VLOOKUP(A42,[1]CER_implicito!$A:$G,4) -> 765.16612 | K42: =+(J42/C42)^(30/(I42-B42))-1 -> 0.022861791 | L42: 46324 | M42: =+WORKDAY.INTL(L42,-10,1,Feriados!$A$2:$A$1048576) -> 46310 | N42: =+VLOOKUP(A42,[1]CER_implicito!$A:$G,6) -> 815.2103 | O42: =+(N42/C42)^(30/(M42-B42))-1 -> 0.019317691 | P42: 46171 | Q42: =+WORKDAY.INTL(P42,-10,1,Feriados!$A$2:$A$1048576) -> 46156 | R42: =+VLOOKUP(A42,[1]CER_implicito!$A:$G,7) -> 751.78007 | S42: =+(R42/C42)^(30/(Q42-B42))-1 -> 0.023751366 | T42: =+T41 -> 46507 | U42: =+U41 -> 46493 | V42: =+VLOOKUP(A42,[1]CER_implicito!$A:$G,5) -> 893.68772 | W42: =+(V42/C42)^(30/(U42-B42))-1 -> 0.017655688
A43: =+[1]CER_implicito!$A460 -> 46037 | B43: 46068 | C43: =+VLOOKUP(B43,'Sheet1 (2)'!A:C,3) -> 704.11851 | D43: 46112 | E43: =+WORKDAY.INTL(D43,-10,1,Feriados!$A$2:$A$1048576) -> 46094 | F43: =+VLOOKUP(A43,[1]CER_implicito!$A:$G,3) -> 720.00405 | G43: =+(F43/C43)^(30/(E43-B43))-1 -> 0.02607668 | H43: 46202 | I43: =+WORKDAY.INTL(H43,-10,1,Feriados!$A$2:$A$1048576) -> 46184 | J43: =+VLOOKUP(A43,[1]CER_implicito!$A:$G,4) -> 766.54648 | K43: =+(J43/C43)^(30/(I43-B43))-1 -> 0.022212585 | L43: 46324 | M43: =+WORKDAY.INTL(L43,-10,1,Feriados!$A$2:$A$1048576) -> 46310 | N43: =+VLOOKUP(A43,[1]CER_implicito!$A:$G,6) -> 812.66992 | O43: =+(N43/C43)^(30/(M43-B43))-1 -> 0.017933075 | P43: 46171 | Q43: =+WORKDAY.INTL(P43,-10,1,Feriados!$A$2:$A$1048576) -> 46156 | R43: =+VLOOKUP(A43,[1]CER_implicito!$A:$G,7) -> 752.03997 | S43: =+(R43/C43)^(30/(Q43-B43))-1 -> 0.022700221 | T43: =+T42 -> 46507 | U43: =+U42 -> 46493 | V43: =+VLOOKUP(A43,[1]CER_implicito!$A:$G,5) -> 888.10965 | W43: =+(V43/C43)^(30/(U43-B43))-1 -> 0.016521958
A44: =+[1]CER_implicito!$A461 -> 46038 | B44: 46068 | C44: =+VLOOKUP(B44,'Sheet1 (2)'!A:C,3) -> 704.11851 | D44: 46112 | E44: =+E43 -> 46094 | F44: =+VLOOKUP(A44,[1]CER_implicito!$A:$G,3) -> 720.07436 | G44: =+(F44/C44)^(30/(E44-B44))-1 -> 0.026192296 | H44: 46202 | I44: =+WORKDAY.INTL(H44,-10,1,Feriados!$A$2:$A$1048576) -> 46184 | J44: =+VLOOKUP(A44,[1]CER_implicito!$A:$G,4) -> 767.64327 | K44: =+(J44/C44)^(30/(I44-B44))-1 -> 0.022590644 | L44: 46324 | M44: =+WORKDAY.INTL(L44,-10,1,Feriados!$A$2:$A$1048576) -> 46310 | N44: =+VLOOKUP(A44,[1]CER_implicito!$A:$G,6) -> 814.97391 | O44: =+(N44/C44)^(30/(M44-B44))-1 -> 0.018290392 | P44: 46171 | Q44: =+WORKDAY.INTL(P44,-10,1,Feriados!$A$2:$A$1048576) -> 46156 | R44: =+VLOOKUP(A44,[1]CER_implicito!$A:$G,7) -> 754.50009 | S44: =+(R44/C44)^(30/(Q44-B44))-1 -> 0.023839512 | T44: =+T43 -> 46507 | U44: =+U43 -> 46493 | V44: =+VLOOKUP(A44,[1]CER_implicito!$A:$G,5) -> 886.05277 | W44: =+(V44/C44)^(30/(U44-B44))-1 -> 0.016355593
A45: =+[1]CER_implicito!$A462 -> 46041 | B45: 46068 | C45: =+VLOOKUP(B45,'Sheet1 (2)'!A:C,3) -> 704.11851 | D45: 46112 | E45: =+WORKDAY.INTL(D45,-10,1,Feriados!$A$2:$A$1048576) -> 46094 | F45: =+VLOOKUP(A45,[1]CER_implicito!$A:$G,3) -> 717.2247 | G45: =+(F45/C45)^(30/(E45-B45))-1 -> 0.021507827 | H45: 46202 | I45: =+WORKDAY.INTL(H45,-10,1,Feriados!$A$2:$A$1048576) -> 46184 | J45: =+VLOOKUP(A45,[1]CER_implicito!$A:$G,4) -> 762.62608 | K45: =+(J45/C45)^(30/(I45-B45))-1 -> 0.020857954 | L45: 46324 | M45: =+WORKDAY.INTL(L45,-10,1,Feriados!$A$2:$A$1048576) -> 46310 | N45: =+VLOOKUP(A45,[1]CER_implicito!$A:$G,6) -> 807.43289 | O45: =+(N45/C45)^(30/(M45-B45))-1 -> 0.017117574 | P45: 46171 | Q45: =+WORKDAY.INTL(P45,-10,1,Feriados!$A$2:$A$1048576) -> 46156 | R45: =+VLOOKUP(A45,[1]CER_implicito!$A:$G,7) -> 751.83476 | S45: =+(R45/C45)^(30/(Q45-B45))-1 -> 0.022605079 | T45: =+T44 -> 46507 | U45: =+U44 -> 46493 | V45: =+VLOOKUP(A45,[1]CER_implicito!$A:$G,5) -> 880.90746 | W45: =+(V45/C45)^(30/(U45-B45))-1 -> 0.015937855
A46: =+[1]CER_implicito!$A463 -> 46042 | B46: 46068 | C46: =+VLOOKUP(B46,'Sheet1 (2)'!A:C,3) -> 704.11851 | D46: 46112 | E46: =+E45 -> 46094 | F46: =+VLOOKUP(A46,[1]CER_implicito!$A:$G,3) -> 716.26901 | G46: =+(F46/C46)^(30/(E46-B46))-1 -> 0.019937449 | H46: 46202 | I46: =+WORKDAY.INTL(H46,-10,1,Feriados!$A$2:$A$1048576) -> 46184 | J46: =+VLOOKUP(A46,[1]CER_implicito!$A:$G,4) -> 763.16764 | K46: =+(J46/C46)^(30/(I46-B46))-1 -> 0.021045386 | L46: 46324 | M46: =+WORKDAY.INTL(L46,-10,1,Feriados!$A$2:$A$1048576) -> 46310 | N46: =+VLOOKUP(A46,[1]CER_implicito!$A:$G,6) -> 807.66084 | O46: =+(N46/C46)^(30/(M46-B46))-1 -> 0.017153165 | P46: 46171 | Q46: =+WORKDAY.INTL(P46,-10,1,Feriados!$A$2:$A$1048576) -> 46156 | R46: =+VLOOKUP(A46,[1]CER_implicito!$A:$G,7) -> 747.87709 | S46: =+(R46/C46)^(30/(Q46-B46))-1 -> 0.020766767 | T46: =+T45 -> 46507 | U46: =+U45 -> 46493 | V46: =+VLOOKUP(A46,[1]CER_implicito!$A:$G,5) -> 878.56206 | W46: =+(V46/C46)^(30/(U46-B46))-1 -> 0.015746683
A47: =+[1]CER_implicito!$A464 -> 46043 | B47: 46068 | C47: =+VLOOKUP(B47,'Sheet1 (2)'!A:C,3) -> 704.11851 | D47: 46112 | E47: =+WORKDAY.INTL(D47,-10,1,Feriados!$A$2:$A$1048576) -> 46094 | F47: =+VLOOKUP(A47,[1]CER_implicito!$A:$G,3) -> 716.22596 | G47: =+(F47/C47)^(30/(E47-B47))-1 -> 0.019866714 | H47: 46202 | I47: =+WORKDAY.INTL(H47,-10,1,Feriados!$A$2:$A$1048576) -> 46184 | J47: =+VLOOKUP(A47,[1]CER_implicito!$A:$G,4) -> 761.89588 | K47: =+(J47/C47)^(30/(I47-B47))-1 -> 0.020605072 | L47: 46324 | M47: =+WORKDAY.INTL(L47,-10,1,Feriados!$A$2:$A$1048576) -> 46310 | N47: =+VLOOKUP(A47,[1]CER_implicito!$A:$G,6) -> 811.93471 | O47: =+(N47/C47)^(30/(M47-B47))-1 -> 0.017818868 | P47: 46171 | Q47: =+WORKDAY.INTL(P47,-10,1,Feriados!$A$2:$A$1048576) -> 46156 | R47: =+VLOOKUP(A47,[1]CER_implicito!$A:$G,7) -> 748.59144 | S47: =+(R47/C47)^(30/(Q47-B47))-1 -> 0.021099053 | T47: =+T46 -> 46507 | U47: =+U46 -> 46493 | V47: =+VLOOKUP(A47,[1]CER_implicito!$A:$G,5) -> 880.58327 | W47: =+(V47/C47)^(30/(U47-B47))-1 -> 0.015911459
A48: =+[1]CER_implicito!$A465 -> 46044 | B48: 46068 | C48: =+VLOOKUP(B48,'Sheet1 (2)'!A:C,3) -> 704.11851 | D48: 46112 | E48: =+E47 -> 46094 | F48: =+VLOOKUP(A48,[1]CER_implicito!$A:$G,3) -> 715.98647 | G48: =+(F48/C48)^(30/(E48-B48))-1 -> 0.019473233 | H48: 46202 | I48: =+WORKDAY.INTL(H48,-10,1,Feriados!$A$2:$A$1048576) -> 46184 | J48: =+VLOOKUP(A48,[1]CER_implicito!$A:$G,4) -> 761.97148 | K48: =+(J48/C48)^(30/(I48-B48))-1 -> 0.020631264 | L48: 46324 | M48: =+WORKDAY.INTL(L48,-10,1,Feriados!$A$2:$A$1048576) -> 46310 | N48: =+VLOOKUP(A48,[1]CER_implicito!$A:$G,6) -> 815.58696 | O48: =+(N48/C48)^(30/(M48-B48))-1 -> 0.018385318 | P48: 46171 | Q48: =+WORKDAY.INTL(P48,-10,1,Feriados!$A$2:$A$1048576) -> 46156 | R48: =+VLOOKUP(A48,[1]CER_implicito!$A:$G,7) -> 746.74777 | S48: =+(R48/C48)^(30/(Q48-B48))-1 -> 0.020241032 | T48: =+T47 -> 46507 | U48: =+U47 -> 46493 | V48: =+VLOOKUP(A48,[1]CER_implicito!$A:$G,5) -> 883.85284 | W48: =+(V48/C48)^(30/(U48-B48))-1 -> 0.016177262
A49: =+[1]CER_implicito!$A466 -> 46045 | B49: 46068 | C49: =+VLOOKUP(B49,'Sheet1 (2)'!A:C,3) -> 704.11851 | D49: 46112 | E49: =+WORKDAY.INTL(D49,-10,1,Feriados!$A$2:$A$1048576) -> 46094 | F49: =+VLOOKUP(A49,[1]CER_implicito!$A:$G,3) -> 718.42813 | G49: =+(F49/C49)^(30/(E49-B49))-1 -> 0.023485758 | H49: 46202 | I49: =+WORKDAY.INTL(H49,-10,1,Feriados!$A$2:$A$1048576) -> 46184 | J49: =+VLOOKUP(A49,[1]CER_implicito!$A:$G,4) -> 763.53058 | K49: =+(J49/C49)^(30/(I49-B49))-1 -> 0.021170946 | L49: 46324 | M49: =+WORKDAY.INTL(L49,-10,1,Feriados!$A$2:$A$1048576) -> 46310 | N49: =+VLOOKUP(A49,[1]CER_implicito!$A:$G,6) -> 814.54533 | O49: =+(N49/C49)^(30/(M49-B49))-1 -> 0.018223992 | P49: 46171 | Q49: =+WORKDAY.INTL(P49,-10,1,Feriados!$A$2:$A$1048576) -> 46156 | R49: =+VLOOKUP(A49,[1]CER_implicito!$A:$G,7) -> 748.92502 | S49: =+(R49/C49)^(30/(Q49-B49))-1 -> 0.021254149 | T49: =+T48 -> 46507 | U49: =+U48 -> 46493 | V49: =+VLOOKUP(A49,[1]CER_implicito!$A:$G,5) -> 882.24258 | W49: =+(V49/C49)^(30/(U49-B49))-1 -> 0.016046468
A50: =+[1]CER_implicito!$A467 -> 46048 | B50: 46068 | C50: =+VLOOKUP(B50,'Sheet1 (2)'!A:C,3) -> 704.11851 | D50: 46112 | E50: =+E49 -> 46094 | F50: =+VLOOKUP(A50,[1]CER_implicito!$A:$G,3) -> 718.11032 | G50: =+(F50/C50)^(30/(E50-B50))-1 -> 0.022963372 | H50: 46202 | I50: =+WORKDAY.INTL(H50,-10,1,Feriados!$A$2:$A$1048576) -> 46184 | J50: =+VLOOKUP(A50,[1]CER_implicito!$A:$G,4) -> 763.91052 | K50: =+(J50/C50)^(30/(I50-B50))-1 -> 0.02130234 | L50: 46324 | M50: =+WORKDAY.INTL(L50,-10,1,Feriados!$A$2:$A$1048576) -> 46310 | N50: =+VLOOKUP(A50,[1]CER_implicito!$A:$G,6) -> 813.44321 | O50: =+(N50/C50)^(30/(M50-B50))-1 -> 0.0180531 | P50: 46171 | Q50: =+WORKDAY.INTL(P50,-10,1,Feriados!$A$2:$A$1048576) -> 46156 | R50: =+VLOOKUP(A50,[1]CER_implicito!$A:$G,7) -> 749.13663 | S50: =+(R50/C50)^(30/(Q50-B50))-1 -> 0.02135251 | T50: =+T49 -> 46507 | U50: =+U49 -> 46493 | V50: =+VLOOKUP(A50,[1]CER_implicito!$A:$G,5) -> 883.08057 | W50: =+(V50/C50)^(30/(U50-B50))-1 -> 0.016114562
A51: =+[1]CER_implicito!$A468 -> 46049 | B51: 46068 | C51: =+VLOOKUP(B51,'Sheet1 (2)'!A:C,3) -> 704.11851 | D51: 46112 | E51: =+WORKDAY.INTL(D51,-10,1,Feriados!$A$2:$A$1048576) -> 46094 | F51: =+VLOOKUP(A51,[1]CER_implicito!$A:$G,3) -> 718.33142 | G51: =+(F51/C51)^(30/(E51-B51))-1 -> 0.023326798 | H51: 46202 | I51: =+WORKDAY.INTL(H51,-10,1,Feriados!$A$2:$A$1048576) -> 46184 | J51: =+VLOOKUP(A51,[1]CER_implicito!$A:$G,4) -> 762.71075 | K51: =+(J51/C51)^(30/(I51-B51))-1 -> 0.020887264 | L51: 46324 | M51: =+WORKDAY.INTL(L51,-10,1,Feriados!$A$2:$A$1048576) -> 46310 | N51: =+VLOOKUP(A51,[1]CER_implicito!$A:$G,6) -> 814.97354 | O51: =+(N51/C51)^(30/(M51-B51))-1 -> 0.018290334 | P51: 46171 | Q51: =+WORKDAY.INTL(P51,-10,1,Feriados!$A$2:$A$1048576) -> 46156 | R51: =+VLOOKUP(A51,[1]CER_implicito!$A:$G,7) -> 746.84922 | S51: =+(R51/C51)^(30/(Q51-B51))-1 -> 0.02028828 | T51: =+T50 -> 46507 | U51: =+U50 -> 46493 | V51: =+VLOOKUP(A51,[1]CER_implicito!$A:$G,5) -> 879.45389 | W51: =+(V51/C51)^(30/(U51-B51))-1 -> 0.015819432
A52: =+[1]CER_implicito!$A469 -> 46050 | B52: 46068 | C52: =+VLOOKUP(B52,'Sheet1 (2)'!A:C,3) -> 704.11851 | D52: 46112 | E52: =+E51 -> 46094 | F52: =+VLOOKUP(A52,[1]CER_implicito!$A:$G,3) -> 718.48286 | G52: =+(F52/C52)^(30/(E52-B52))-1 -> 0.023575723 | H52: 46202 | I52: =+WORKDAY.INTL(H52,-10,1,Feriados!$A$2:$A$1048576) -> 46184 | J52: =+VLOOKUP(A52,[1]CER_implicito!$A:$G,4) -> 763.0018 | K52: =+(J52/C52)^(30/(I52-B52))-1 -> 0.020988 | L52: 46324 | M52: =+WORKDAY.INTL(L52,-10,1,Feriados!$A$2:$A$1048576) -> 46310 | N52: =+VLOOKUP(A52,[1]CER_implicito!$A:$G,6) -> 811.52555 | O52: =+(N52/C52)^(30/(M52-B52))-1 -> 0.017755269 | P52: 46171 | Q52: =+WORKDAY.INTL(P52,-10,1,Feriados!$A$2:$A$1048576) -> 46156 | R52: =+VLOOKUP(A52,[1]CER_implicito!$A:$G,7) -> 744.01307 | S52: =+(R52/C52)^(30/(Q52-B52))-1 -> 0.018965761 | T52: =+T51 -> 46507 | U52: =+U51 -> 46493 | V52: =+VLOOKUP(A52,[1]CER_implicito!$A:$G,5) -> 878.80294 | W52: =+(V52/C52)^(30/(U52-B52))-1 -> 0.015766339
A53: =+[1]CER_implicito!$A470 -> 46051 | B53: 46068 | C53: =+VLOOKUP(B53,'Sheet1 (2)'!A:C,3) -> 704.11851 | D53: 46112 | E53: =+WORKDAY.INTL(D53,-10,1,Feriados!$A$2:$A$1048576) -> 46094 | F53: =+VLOOKUP(A53,[1]CER_implicito!$A:$G,3) -> 718.4157 | G53: =+(F53/C53)^(30/(E53-B53))-1 -> 0.023465328 | H53: 46202 | I53: =+WORKDAY.INTL(H53,-10,1,Feriados!$A$2:$A$1048576) -> 46184 | J53: =+VLOOKUP(A53,[1]CER_implicito!$A:$G,4) -> 760.24367 | K53: =+(J53/C53)^(30/(I53-B53))-1 -> 0.020032224 | L53: 46324 | M53: =+WORKDAY.INTL(L53,-10,1,Feriados!$A$2:$A$1048576) -> 46310 | N53: =+VLOOKUP(A53,[1]CER_implicito!$A:$G,6) -> 810.66524 | O53: =+(N53/C53)^(30/(M53-B53))-1 -> 0.017621455 | P53: 46171 | Q53: =+WORKDAY.INTL(P53,-10,1,Feriados!$A$2:$A$1048576) -> 46156 | R53: =+VLOOKUP(A53,[1]CER_implicito!$A:$G,7) -> 747.06938 | S53: =+(R53/C53)^(30/(Q53-B53))-1 -> 0.020390806 | T53: =+T52 -> 46507 | U53: =+U52 -> 46493 | V53: =+VLOOKUP(A53,[1]CER_implicito!$A:$G,5) -> 879.09484 | W53: =+(V53/C53)^(30/(U53-B53))-1 -> 0.015790151
A54: =+[1]CER_implicito!$A471 -> 46052 | B54: 46068 | C54: =+VLOOKUP(B54,'Sheet1 (2)'!A:C,3) -> 704.11851 | D54: 46112 | E54: =+E53 -> 46094 | F54: =+VLOOKUP(A54,[1]CER_implicito!$A:$G,3) -> 720.1498 | G54: =+(F54/C54)^(30/(E54-B54))-1 -> 0.026316358 | H54: 46202 | I54: =+WORKDAY.INTL(H54,-10,1,Feriados!$A$2:$A$1048576) -> 46184 | J54: =+VLOOKUP(A54,[1]CER_implicito!$A:$G,4) -> 760.70366 | K54: =+(J54/C54)^(30/(I54-B54))-1 -> 0.020191805 | L54: 46324 | M54: =+WORKDAY.INTL(L54,-10,1,Feriados!$A$2:$A$1048576) -> 46310 | N54: =+VLOOKUP(A54,[1]CER_implicito!$A:$G,6) -> 809.73451 | O54: =+(N54/C54)^(30/(M54-B54))-1 -> 0.017476546 | P54: 46171 | Q54: =+WORKDAY.INTL(P54,-10,1,Feriados!$A$2:$A$1048576) -> 46156 | R54: =+VLOOKUP(A54,[1]CER_implicito!$A:$G,7) -> 747.60303 | S54: =+(R54/C54)^(30/(Q54-B54))-1 -> 0.020639232 | T54: =+T53 -> 46507 | U54: =+U53 -> 46493 | V54: =+VLOOKUP(A54,[1]CER_implicito!$A:$G,5) -> 879.60801 | W54: =+(V54/C54)^(30/(U54-B54))-1 -> 0.015831996
A55: =+[1]CER_implicito!$A472 -> 46055 | B55: 46068 | C55: =+VLOOKUP(B55,'Sheet1 (2)'!A:C,3) -> 704.11851 | D55: 46112 | E55: =+WORKDAY.INTL(D55,-10,1,Feriados!$A$2:$A$1048576) -> 46094 | F55: =+VLOOKUP(A55,[1]CER_implicito!$A:$G,3) -> 719.55888 | G55: =+(F55/C55)^(30/(E55-B55))-1 -> 0.025344712 | H55: 46202 | I55: =+WORKDAY.INTL(H55,-10,1,Feriados!$A$2:$A$1048576) -> 46184 | J55: =+VLOOKUP(A55,[1]CER_implicito!$A:$G,4) -> 760.37686 | K55: =+(J55/C55)^(30/(I55-B55))-1 -> 0.02007844 | L55: 46324 | M55: =+WORKDAY.INTL(L55,-10,1,Feriados!$A$2:$A$1048576) -> 46310 | N55: =+VLOOKUP(A55,[1]CER_implicito!$A:$G,6) -> 807.72177 | O55: =+(N55/C55)^(30/(M55-B55))-1 -> 0.017162677 | P55: 46171 | Q55: =+WORKDAY.INTL(P55,-10,1,Feriados!$A$2:$A$1048576) -> 46156 | R55: =+VLOOKUP(A55,[1]CER_implicito!$A:$G,7) -> 745.88974 | S55: =+(R55/C55)^(30/(Q55-B55))-1 -> 0.019841239 | T55: =+T54 -> 46507 | U55: =+U54 -> 46493 | V55: =+VLOOKUP(A55,[1]CER_implicito!$A:$G,5) -> 879.53132 | W55: =+(V55/C55)^(30/(U55-B55))-1 -> 0.015825744 | AB55: =+AB56 -> 46233 | AC55: =+WORKDAY.INTL(AB55,-10,1,Feriados!$A$2:$A$1048576) -> 46219 | AD55: =+VLOOKUP(A55,[1]CER_implicito!$A:$I,9) -> 774.73237 | AE55: =+(AD55/C55)^(30/(AC55-B55))-1 -> 0.019169018 | AJ55: =+AJ56 -> 46355 | AK55: =+WORKDAY.INTL(AJ55,-10,1,Feriados!$A$2:$A$1048576) -> 46339 | AL55: =+VLOOKUP(A55,[1]CER_implicito!$A:$K,11) -> 829.14165 | AM55: =+(AL55/C55)^(30/(AK55-B55))-1 -> 0.018258147
A56: =+[1]CER_implicito!$A473 -> 46056 | B56: 46068 | C56: =+VLOOKUP(B56,'Sheet1 (2)'!A:C,3) -> 704.11851 | D56: 46112 | E56: =+E55 -> 46094 | F56: =+VLOOKUP(A56,[1]CER_implicito!$A:$G,3) -> 719.33059 | G56: =+(F56/C56)^(30/(E56-B56))-1 -> 0.024969362 | H56: 46202 | I56: =+WORKDAY.INTL(H56,-10,1,Feriados!$A$2:$A$1048576) -> 46184 | J56: =+VLOOKUP(A56,[1]CER_implicito!$A:$G,4) -> 761.97848 | K56: =+(J56/C56)^(30/(I56-B56))-1 -> 0.020633689 | L56: 46324 | M56: =+WORKDAY.INTL(L56,-10,1,Feriados!$A$2:$A$1048576) -> 46310 | N56: =+VLOOKUP(A56,[1]CER_implicito!$A:$G,6) -> 812.69067 | O56: =+(N56/C56)^(30/(M56-B56))-1 -> 0.017936297 | P56: 46171 | Q56: =+WORKDAY.INTL(P56,-10,1,Feriados!$A$2:$A$1048576) -> 46156 | R56: =+VLOOKUP(A56,[1]CER_implicito!$A:$G,7) -> 750.1144 | S56: =+(R56/C56)^(30/(Q56-B56))-1 -> 0.021806769 | T56: =+T55 -> 46507 | U56: =+U55 -> 46493 | V56: =+VLOOKUP(A56,[1]CER_implicito!$A:$G,5) -> 880.2668 | W56: =+(V56/C56)^(30/(U56-B56))-1 -> 0.015885683 | AB56: =+AB57 -> 46233 | AC56: =+WORKDAY.INTL(AB56,-10,1,Feriados!$A$2:$A$1048576) -> 46219 | AD56: =+VLOOKUP(A56,[1]CER_implicito!$A:$I,9) -> 779.6821 | AE56: =+(AD56/C56)^(30/(AC56-B56))-1 -> 0.020459381 | AJ56: =+AJ57 -> 46355 | AK56: =+WORKDAY.INTL(AJ56,-10,1,Feriados!$A$2:$A$1048576) -> 46339 | AL56: =+VLOOKUP(A56,[1]CER_implicito!$A:$K,11) -> 824.50381 | AM56: =+(AL56/C56)^(30/(AK56-B56))-1 -> 0.017626055
A57: =+[1]CER_implicito!$A474 -> 46057 | B57: 46068 | C57: =+VLOOKUP(B57,'Sheet1 (2)'!A:C,3) -> 704.11851 | D57: 46112 | E57: =+WORKDAY.INTL(D57,-10,1,Feriados!$A$2:$A$1048576) -> 46094 | F57: =+VLOOKUP(A57,[1]CER_implicito!$A:$G,3) -> 719.61168 | G57: =+(F57/C57)^(30/(E57-B57))-1 -> 0.02543152 | H57: 46202 | I57: =+WORKDAY.INTL(H57,-10,1,Feriados!$A$2:$A$1048576) -> 46184 | J57: =+VLOOKUP(A57,[1]CER_implicito!$A:$G,4) -> 763.29823 | K57: =+(J57/C57)^(30/(I57-B57))-1 -> 0.021090568 | L57: 46324 | M57: =+WORKDAY.INTL(L57,-10,1,Feriados!$A$2:$A$1048576) -> 46310 | N57: =+VLOOKUP(A57,[1]CER_implicito!$A:$G,6) -> 816.74436 | O57: =+(N57/C57)^(30/(M57-B57))-1 -> 0.018564362 | P57: 46171 | Q57: =+WORKDAY.INTL(P57,-10,1,Feriados!$A$2:$A$1048576) -> 46156 | R57: =+VLOOKUP(A57,[1]CER_implicito!$A:$G,7) -> 748.94898 | S57: =+(R57/C57)^(30/(Q57-B57))-1 -> 0.021265287 | T57: =+T56 -> 46507 | U57: =+U56 -> 46493 | V57: =+VLOOKUP(A57,[1]CER_implicito!$A:$G,5) -> 884.58083 | W57: =+(V57/C57)^(30/(U57-B57))-1 -> 0.01623632 | AB57: =+AB58 -> 46233 | AC57: =+WORKDAY.INTL(AB57,-10,1,Feriados!$A$2:$A$1048576) -> 46219 | AD57: =+VLOOKUP(A57,[1]CER_implicito!$A:$I,9) -> 779.46471 | AE57: =+(AD57/C57)^(30/(AC57-B57))-1 -> 0.020402845 | AJ57: =+AJ58 -> 46355 | AK57: =+WORKDAY.INTL(AJ57,-10,1,Feriados!$A$2:$A$1048576) -> 46339 | AL57: =+VLOOKUP(A57,[1]CER_implicito!$A:$K,11) -> 832.12179 | AM57: =+(AL57/C57)^(30/(AK57-B57))-1 -> 0.018662652
A58: =+[1]CER_implicito!$A475 -> 46058 | B58: 46068 | C58: =+VLOOKUP(B58,'Sheet1 (2)'!A:C,3) -> 704.11851 | D58: 46112 | E58: =+E57 -> 46094 | F58: =+VLOOKUP(A58,[1]CER_implicito!$A:$G,3) -> 719.86525 | G58: =+(F58/C58)^(30/(E58-B58))-1 -> 0.025848458 | H58: 46202 | I58: =+WORKDAY.INTL(H58,-10,1,Feriados!$A$2:$A$1048576) -> 46184 | J58: =+VLOOKUP(A58,[1]CER_implicito!$A:$G,4) -> 768.27515 | K58: =+(J58/C58)^(30/(I58-B58))-1 -> 0.022808267 | L58: 46324 | M58: =+WORKDAY.INTL(L58,-10,1,Feriados!$A$2:$A$1048576) -> 46310 | N58: =+VLOOKUP(A58,[1]CER_implicito!$A:$G,6) -> 820.79357 | O58: =+(N58/C58)^(30/(M58-B58))-1 -> 0.019189013 | P58: 46171 | Q58: =+WORKDAY.INTL(P58,-10,1,Feriados!$A$2:$A$1048576) -> 46156 | R58: =+VLOOKUP(A58,[1]CER_implicito!$A:$G,7) -> 752.38407 | S58: =+(R58/C58)^(30/(Q58-B58))-1 -> 0.022859723 | T58: =+T57 -> 46507 | U58: =+U57 -> 46493 | V58: =+VLOOKUP(A58,[1]CER_implicito!$A:$G,5) -> 893.16424 | W58: =+(V58/C58)^(30/(U58-B58))-1 -> 0.016929265 | AB58: =+AB59 -> 46233 | AC58: =+WORKDAY.INTL(AB58,-10,1,Feriados!$A$2:$A$1048576) -> 46219 | AD58: =+VLOOKUP(A58,[1]CER_implicito!$A:$I,9) -> 781.60406 | AE58: =+(AD58/C58)^(30/(AC58-B58))-1 -> 0.020958654 | AJ58: =+AJ59 -> 46355 | AK58: =+WORKDAY.INTL(AJ58,-10,1,Feriados!$A$2:$A$1048576) -> 46339 | AL58: =+VLOOKUP(A58,[1]CER_implicito!$A:$K,11) -> 835.93877 | AM58: =+(AL58/C58)^(30/(AK58-B58))-1 -> 0.019178867
A59: =+[1]CER_implicito!$A476 -> 46059 | B59: 46068 | C59: =+VLOOKUP(B59,'Sheet1 (2)'!A:C,3) -> 704.11851 | D59: 46112 | E59: =+WORKDAY.INTL(D59,-10,1,Feriados!$A$2:$A$1048576) -> 46094 | F59: =+VLOOKUP(A59,[1]CER_implicito!$A:$G,3) -> 720.77372 | G59: =+(F59/C59)^(30/(E59-B59))-1 -> 0.02734239 | H59: 46202 | I59: =+WORKDAY.INTL(H59,-10,1,Feriados!$A$2:$A$1048576) -> 46184 | J59: =+VLOOKUP(A59,[1]CER_implicito!$A:$G,4) -> 769.58959 | K59: =+(J59/C59)^(30/(I59-B59))-1 -> 0.023260549 | L59: 46324 | M59: =+WORKDAY.INTL(L59,-10,1,Feriados!$A$2:$A$1048576) -> 46310 | N59: =+VLOOKUP(A59,[1]CER_implicito!$A:$G,6) -> 825.33352 | O59: =+(N59/C59)^(30/(M59-B59))-1 -> 0.019886166 | P59: 46171 | Q59: =+WORKDAY.INTL(P59,-10,1,Feriados!$A$2:$A$1048576) -> 46156 | R59: =+VLOOKUP(A59,[1]CER_implicito!$A:$G,7) -> 753.98864 | S59: =+(R59/C59)^(30/(Q59-B59))-1 -> 0.023602861 | T59: =+T58 -> 46507 | U59: =+U58 -> 46493 | V59: =+VLOOKUP(A59,[1]CER_implicito!$A:$G,5) -> 893.91993 | W59: =+(V59/C59)^(30/(U59-B59))-1 -> 0.016989976 | AB59: =+AB60 -> 46233 | AC59: =+WORKDAY.INTL(AB59,-10,1,Feriados!$A$2:$A$1048576) -> 46219 | AD59: =+VLOOKUP(A59,[1]CER_implicito!$A:$I,9) -> 784.91726 | AE59: =+(AD59/C59)^(30/(AC59-B59))-1 -> 0.021817027 | AJ59: =+AJ60 -> 46355 | AK59: =+WORKDAY.INTL(AJ59,-10,1,Feriados!$A$2:$A$1048576) -> 46339 | AL59: =+VLOOKUP(A59,[1]CER_implicito!$A:$K,11) -> 834.8945 | AM59: =+(AL59/C59)^(30/(AK59-B59))-1 -> 0.019037847
A60: =+[1]CER_implicito!$A477 -> 46062 | B60: 46068 | C60: =+VLOOKUP(B60,'Sheet1 (2)'!A:C,3) -> 704.11851 | D60: 46112 | E60: =+E59 -> 46094 | F60: =+VLOOKUP(A60,[1]CER_implicito!$A:$G,3) -> 720.17021 | G60: =+(F60/C60)^(30/(E60-B60))-1 -> 0.026349908 | H60: 46202 | I60: =+WORKDAY.INTL(H60,-10,1,Feriados!$A$2:$A$1048576) -> 46184 | J60: =+VLOOKUP(A60,[1]CER_implicito!$A:$G,4) -> 770.18462 | K60: =+(J60/C60)^(30/(I60-B60))-1 -> 0.0234651 | L60: 46324 | M60: =+WORKDAY.INTL(L60,-10,1,Feriados!$A$2:$A$1048576) -> 46310 | N60: =+VLOOKUP(A60,[1]CER_implicito!$A:$G,6) -> 828.3862 | O60: =+(N60/C60)^(30/(M60-B60))-1 -> 0.020353048 | P60: 46171 | Q60: =+WORKDAY.INTL(P60,-10,1,Feriados!$A$2:$A$1048576) -> 46156 | R60: =+VLOOKUP(A60,[1]CER_implicito!$A:$G,7) -> 752.70186 | S60: =+(R60/C60)^(30/(Q60-B60))-1 -> 0.023006988 | T60: =+T59 -> 46507 | U60: =+U59 -> 46493 | V60: =+VLOOKUP(A60,[1]CER_implicito!$A:$G,5) -> 895.63611 | W60: =+(V60/C60)^(30/(U60-B60))-1 -> 0.017127673 | AB60: =+AB61 -> 46233 | AC60: =+WORKDAY.INTL(AB60,-10,1,Feriados!$A$2:$A$1048576) -> 46219 | AD60: =+VLOOKUP(A60,[1]CER_implicito!$A:$I,9) -> 786.72673 | AE60: =+(AD60/C60)^(30/(AC60-B60))-1 -> 0.022284596 | AJ60: =+AJ61 -> 46355 | AK60: =+WORKDAY.INTL(AJ60,-10,1,Feriados!$A$2:$A$1048576) -> 46339 | AL60: =+VLOOKUP(A60,[1]CER_implicito!$A:$K,11) -> 838.1122 | AM60: =+(AL60/C60)^(30/(AK60-B60))-1 -> 0.01947187
A61: =+[1]CER_implicito!$A478 -> 46063 | B61: 46068 | C61: =+VLOOKUP(B61,'Sheet1 (2)'!A:C,3) -> 704.11851 | D61: 46112 | E61: =+WORKDAY.INTL(D61,-10,1,Feriados!$A$2:$A$1048576) -> 46094 | F61: =+VLOOKUP(A61,[1]CER_implicito!$A:$G,3) -> 722.52197 | G61: =+(F61/C61)^(30/(E61-B61))-1 -> 0.030218127 | H61: 46202 | I61: =+WORKDAY.INTL(H61,-10,1,Feriados!$A$2:$A$1048576) -> 46184 | J61: =+VLOOKUP(A61,[1]CER_implicito!$A:$G,4) -> 771.18908 | K61: =+(J61/C61)^(30/(I61-B61))-1 -> 0.023810135 | L61: 46324 | M61: =+WORKDAY.INTL(L61,-10,1,Feriados!$A$2:$A$1048576) -> 46310 | N61: =+VLOOKUP(A61,[1]CER_implicito!$A:$G,6) -> 829.6435 | O61: =+(N61/C61)^(30/(M61-B61))-1 -> 0.020544902 | P61: 46171 | Q61: =+WORKDAY.INTL(P61,-10,1,Feriados!$A$2:$A$1048576) -> 46156 | R61: =+VLOOKUP(A61,[1]CER_implicito!$A:$G,7) -> 755.23706 | S61: =+(R61/C61)^(30/(Q61-B61))-1 -> 0.024180328 | T61: =+T60 -> 46507 | U61: =+U60 -> 46493 | V61: =+VLOOKUP(A61,[1]CER_implicito!$A:$G,5) -> 894.08164 | W61: =+(V61/C61)^(30/(U61-B61))-1 -> 0.017002961 | AB61: =+AB62 -> 46233 | AC61: =+WORKDAY.INTL(AB61,-10,1,Feriados!$A$2:$A$1048576) -> 46219 | AD61: =+VLOOKUP(A61,[1]CER_implicito!$A:$I,9) -> 787.05741 | AE61: =+(AD61/C61)^(30/(AC61-B61))-1 -> 0.022369949 | AJ61: =+AJ62 -> 46355 | AK61: =+WORKDAY.INTL(AJ61,-10,1,Feriados!$A$2:$A$1048576) -> 46339 | AL61: =+VLOOKUP(A61,[1]CER_implicito!$A:$K,11) -> 843.99297 | AM61: =+(AL61/C61)^(30/(AK61-B61))-1 -> 0.02026129
A62: =+[1]CER_implicito!$A479 -> 46064 | B62: 46068 | C62: =+VLOOKUP(B62,'Sheet1 (2)'!A:C,3) -> 704.11851 | D62: 46112 | E62: =+E61 -> 46094 | F62: =+VLOOKUP(A62,[1]CER_implicito!$A:$G,3) -> 722.57003 | G62: =+(F62/C62)^(30/(E62-B62))-1 -> 0.030297201 | H62: 46202 | I62: =+WORKDAY.INTL(H62,-10,1,Feriados!$A$2:$A$1048576) -> 46184 | J62: =+VLOOKUP(A62,[1]CER_implicito!$A:$G,4) -> 771.88951 | K62: =+(J62/C62)^(30/(I62-B62))-1 -> 0.024050537 | L62: 46324 | M62: =+WORKDAY.INTL(L62,-10,1,Feriados!$A$2:$A$1048576) -> 46310 | N62: =+VLOOKUP(A62,[1]CER_implicito!$A:$G,6) -> 824.36648 | O62: =+(N62/C62)^(30/(M62-B62))-1 -> 0.019737949 | P62: 46171 | Q62: =+WORKDAY.INTL(P62,-10,1,Feriados!$A$2:$A$1048576) -> 46156 | R62: =+VLOOKUP(A62,[1]CER_implicito!$A:$G,7) -> 754.98494 | S62: =+(R62/C62)^(30/(Q62-B62))-1 -> 0.024063761 | T62: =+T61 -> 46507 | U62: =+U61 -> 46493 | V62: =+VLOOKUP(A62,[1]CER_implicito!$A:$G,5) -> 894.38633 | W62: =+(V62/C62)^(30/(U62-B62))-1 -> 0.017027422 | AB62: =+AB63 -> 46233 | AC62: =+WORKDAY.INTL(AB62,-10,1,Feriados!$A$2:$A$1048576) -> 46219 | AD62: =+VLOOKUP(A62,[1]CER_implicito!$A:$I,9) -> 786.66411 | AE62: =+(AD62/C62)^(30/(AC62-B62))-1 -> 0.022268428 | AJ62: =+AJ63 -> 46355 | AK62: =+WORKDAY.INTL(AJ62,-10,1,Feriados!$A$2:$A$1048576) -> 46339 | AL62: =+VLOOKUP(A62,[1]CER_implicito!$A:$K,11) -> 841.79301 | AM62: =+(AL62/C62)^(30/(AK62-B62))-1 -> 0.019966547
A63: =+[1]CER_implicito!$A480 -> 46065 | B63: 46096 | C63: =+VLOOKUP(B63,'Sheet1 (2)'!A:C,3) -> 724.53795 | D63: 46112 | E63: =+WORKDAY.INTL(D63,-10,1,Feriados!$A$2:$A$1048576) -> 46094 | F63: =+VLOOKUP(A63,[1]CER_implicito!$A:$G,3) -> 723.0078 | G63: =+(F63/C63)^(30/(E63-B63))-1 -> 0.032220195 | H63: 46202 | I63: =+WORKDAY.INTL(H63,-10,1,Feriados!$A$2:$A$1048576) -> 46184 | J63: =+VLOOKUP(A63,[1]CER_implicito!$A:$G,4) -> 770.59882 | K63: =+(J63/C63)^(30/(I63-B63))-1 -> 0.021233805 | L63: 46324 | M63: =+WORKDAY.INTL(L63,-10,1,Feriados!$A$2:$A$1048576) -> 46310 | N63: =+VLOOKUP(A63,[1]CER_implicito!$A:$G,6) -> 826.18783 | O63: =+(N63/C63)^(30/(M63-B63))-1 -> 0.018575274 | P63: 46171 | Q63: =+WORKDAY.INTL(P63,-10,1,Feriados!$A$2:$A$1048576) -> 46156 | R63: =+VLOOKUP(A63,[1]CER_implicito!$A:$G,7) -> 757.14614 | S63: =+(R63/C63)^(30/(Q63-B63))-1 -> 0.022255101 | T63: =+T62 -> 46507 | U63: =+U62 -> 46493 | V63: =+VLOOKUP(A63,[1]CER_implicito!$A:$G,5) -> 893.72178 | W63: =+(V63/C63)^(30/(U63-B63))-1 -> 0.01598488 | AB63: =+AB64 -> 46233 | AC63: =+WORKDAY.INTL(AB63,-10,1,Feriados!$A$2:$A$1048576) -> 46219 | AD63: =+VLOOKUP(A63,[1]CER_implicito!$A:$I,9) -> 784.87853 | AE63: =+(AD63/C63)^(30/(AC63-B63))-1 -> 0.019702516 | AJ63: =+AJ64 -> 46355 | AK63: =+WORKDAY.INTL(AJ63,-10,1,Feriados!$A$2:$A$1048576) -> 46339 | AL63: =+VLOOKUP(A63,[1]CER_implicito!$A:$K,11) -> 839.87292 | AM63: =+(AL63/C63)^(30/(AK63-B63))-1 -> 0.018403901
A64: =+[1]CER_implicito!$A481 -> 46066 | B64: 46096 | C64: =+VLOOKUP(B64,'Sheet1 (2)'!A:C,3) -> 724.53795 | D64: 46112 | E64: =+E63 -> 46094 | F64: =+VLOOKUP(A64,[1]CER_implicito!$A:$G,3) -> 725.53376 | G64: =+(F64/C64)^(30/(E64-B64))-1 -> -0.020391266 | H64: 46202 | I64: =+WORKDAY.INTL(H64,-10,1,Feriados!$A$2:$A$1048576) -> 46184 | J64: =+VLOOKUP(A64,[1]CER_implicito!$A:$G,4) -> 771.75181 | K64: =+(J64/C64)^(30/(I64-B64))-1 -> 0.021754455 | L64: 46324 | M64: =+WORKDAY.INTL(L64,-10,1,Feriados!$A$2:$A$1048576) -> 46310 | N64: =+VLOOKUP(A64,[1]CER_implicito!$A:$G,6) -> 822.34361 | O64: =+(N64/C64)^(30/(M64-B64))-1 -> 0.01790954 | P64: 46171 | Q64: =+WORKDAY.INTL(P64,-10,1,Feriados!$A$2:$A$1048576) -> 46156 | R64: =+VLOOKUP(A64,[1]CER_implicito!$A:$G,7) -> 759.14914 | S64: =+(R64/C64)^(30/(Q64-B64))-1 -> 0.023606379 | T64: =+T63 -> 46507 | U64: =+U63 -> 46493 | V64: =+VLOOKUP(A64,[1]CER_implicito!$A:$G,5) -> 898.94596 | W64: =+(V64/C64)^(30/(U64-B64))-1 -> 0.016432452 | AB64: =+AB65 -> 46233 | AC64: =+WORKDAY.INTL(AB64,-10,1,Feriados!$A$2:$A$1048576) -> 46219 | AD64: =+VLOOKUP(A64,[1]CER_implicito!$A:$I,9) -> 788.09325 | AE64: =+(AD64/C64)^(30/(AC64-B64))-1 -> 0.020719606 | AJ64: =+AJ65 -> 46355 | AK64: =+WORKDAY.INTL(AJ64,-10,1,Feriados!$A$2:$A$1048576) -> 46339 | AL64: =+VLOOKUP(A64,[1]CER_implicito!$A:$K,11) -> 833.61817 | AM64: =+(AL64/C64)^(30/(AK64-B64))-1 -> 0.017464496
A65: =+[1]CER_implicito!$A482 -> 46071 | B65: 46096 | C65: =+VLOOKUP(B65,'Sheet1 (2)'!A:C,3) -> 724.53795 | D65: 46112 | E65: =+WORKDAY.INTL(D65,-10,1,Feriados!$A$2:$A$1048576) -> 46094 | F65: =+VLOOKUP(A65,[1]CER_implicito!$A:$G,3) -> 723.12049 | G65: =+(F65/C65)^(30/(E65-B65))-1 -> 0.029809821 | H65: 46202 | I65: =+WORKDAY.INTL(H65,-10,1,Feriados!$A$2:$A$1048576) -> 46184 | J65: =+VLOOKUP(A65,[1]CER_implicito!$A:$G,4) -> 769.98505 | K65: =+(J65/C65)^(30/(I65-B65))-1 -> 0.020956436 | L65: 46324 | M65: =+WORKDAY.INTL(L65,-10,1,Feriados!$A$2:$A$1048576) -> 46310 | N65: =+VLOOKUP(A65,[1]CER_implicito!$A:$G,6) -> 821.94698 | O65: =+(N65/C65)^(30/(M65-B65))-1 -> 0.0178407 | P65: 46171 | Q65: =+WORKDAY.INTL(P65,-10,1,Feriados!$A$2:$A$1048576) -> 46156 | R65: =+VLOOKUP(A65,[1]CER_implicito!$A:$G,7) -> 758.48043 | S65: =+(R65/C65)^(30/(Q65-B65))-1 -> 0.023155446 | T65: =+T64 -> 46507 | U65: =+U64 -> 46493 | V65: =+VLOOKUP(A65,[1]CER_implicito!$A:$G,5) -> 897.98665 | W65: =+(V65/C65)^(30/(U65-B65))-1 -> 0.016350446 | AB65: =+AB66 -> 46233 | AC65: =+WORKDAY.INTL(AB65,-10,1,Feriados!$A$2:$A$1048576) -> 46219 | AD65: =+VLOOKUP(A65,[1]CER_implicito!$A:$I,9) -> 789.66754 | AE65: =+(AD65/C65)^(30/(AC65-B65))-1 -> 0.021216544 | AJ65: =+AJ66 -> 46355 | AK65: =+WORKDAY.INTL(AJ65,-10,1,Feriados!$A$2:$A$1048576) -> 46339 | AL65: =+VLOOKUP(A65,[1]CER_implicito!$A:$K,11) -> 833.79111 | AM65: =+(AL65/C65)^(30/(AK65-B65))-1 -> 0.017490553
A66: =+[1]CER_implicito!$A483 -> 46072 | B66: 46096 | C66: =+VLOOKUP(B66,'Sheet1 (2)'!A:C,3) -> 724.53795 | D66: 46112 | E66: =+E65 -> 46094 | F66: =+VLOOKUP(A66,[1]CER_implicito!$A:$G,3) -> 722.70253 | G66: =+(F66/C66)^(30/(E66-B66))-1 -> 0.038779685 | H66: =+H65 -> 46202 | I66: =+WORKDAY.INTL(H66,-10,1,Feriados!$A$2:$A$1048576) -> 46184 | J66: =+VLOOKUP(A66,[1]CER_implicito!$A:$G,4) -> 773.20307 | K66: =+(J66/C66)^(30/(I66-B66))-1 -> 0.022409066 | L66: =+L65 -> 46324 | M66: =+WORKDAY.INTL(L66,-10,1,Feriados!$A$2:$A$1048576) -> 46310 | N66: =+VLOOKUP(A66,[1]CER_implicito!$A:$G,6) -> 820.76737 | O66: =+(N66/C66)^(30/(M66-B66))-1 -> 0.017635796 | P66: =+P65 -> 46171 | Q66: =+WORKDAY.INTL(P66,-10,1,Feriados!$A$2:$A$1048576) -> 46156 | R66: =+VLOOKUP(A66,[1]CER_implicito!$A:$G,7) -> 758.48048 | S66: =+(R66/C66)^(30/(Q66-B66))-1 -> 0.023155484 | T66: =+T65 -> 46507 | U66: =+U65 -> 46493 | V66: =+VLOOKUP(A66,[1]CER_implicito!$A:$G,5) -> 900.09989 | W66: =+(V66/C66)^(30/(U66-B66))-1 -> 0.016530989 | AB66: =+AB67 -> 46233 | AC66: =+WORKDAY.INTL(AB66,-10,1,Feriados!$A$2:$A$1048576) -> 46219 | AD66: =+VLOOKUP(A66,[1]CER_implicito!$A:$I,9) -> 789.27156 | AE66: =+(AD66/C66)^(30/(AC66-B66))-1 -> 0.021091619 | AJ66: =+AJ67 -> 46355 | AK66: =+WORKDAY.INTL(AJ66,-10,1,Feriados!$A$2:$A$1048576) -> 46339 | AL66: =+VLOOKUP(A66,[1]CER_implicito!$A:$K,11) -> 839.60614 | AM66: =+(AL66/C66)^(30/(AK66-B66))-1 -> 0.018363959
A67: =+[1]CER_implicito!$A484 -> 46073 | B67: 46096 | C67: =+VLOOKUP(B67,'Sheet1 (2)'!A:C,3) -> 724.53795 | D67: =+D66 -> 46112 | E67: =+E66 -> 46094 | F67: =+VLOOKUP(A67,[1]CER_implicito!$A:$G,3) -> 724.03145 | G67: =+(F67/C67)^(30/(E67-B67))-1 -> 0.010544777 | H67: =+H66 -> 46202 | I67: =+WORKDAY.INTL(H67,-10,1,Feriados!$A$2:$A$1048576) -> 46184 | J67: =+VLOOKUP(A67,[1]CER_implicito!$A:$G,4) -> 772.78688 | K67: =+(J67/C67)^(30/(I67-B67))-1 -> 0.022221421 | L67: =+L66 -> 46324 | M67: =+WORKDAY.INTL(L67,-10,1,Feriados!$A$2:$A$1048576) -> 46310 | N67: =+VLOOKUP(A67,[1]CER_implicito!$A:$G,6) -> 816.8726 | O67: =+(N67/C67)^(30/(M67-B67))-1 -> 0.016957453 | P67: =+P66 -> 46171 | Q67: =+WORKDAY.INTL(P67,-10,1,Feriados!$A$2:$A$1048576) -> 46156 | R67: =+VLOOKUP(A67,[1]CER_implicito!$A:$G,7) -> 759.41506 | S67: =+(R67/C67)^(30/(Q67-B67))-1 -> 0.023785638 | T67: =+T66 -> 46507 | U67: =+U66 -> 46493 | V67: =+VLOOKUP(A67,[1]CER_implicito!$A:$G,5) -> 899.98298 | W67: =+(V67/C67)^(30/(U67-B67))-1 -> 0.016521011 | AB67: =+AB68 -> 46233 | AC67: =+WORKDAY.INTL(AB67,-10,1,Feriados!$A$2:$A$1048576) -> 46219 | AD67: =+VLOOKUP(A67,[1]CER_implicito!$A:$I,9) -> 791.0247 | AE67: =+(AD67/C67)^(30/(AC67-B67))-1 -> 0.021644341 | AJ67: =+AJ68 -> 46355 | AK67: =+WORKDAY.INTL(AJ67,-10,1,Feriados!$A$2:$A$1048576) -> 46339 | AL67: =+VLOOKUP(A67,[1]CER_implicito!$A:$K,11) -> 840.42356 | AM67: =+(AL67/C67)^(30/(AK67-B67))-1 -> 0.018486309
A68: =+[1]CER_implicito!$A485 -> 46076 | B68: 46096 | C68: =+VLOOKUP(B68,'Sheet1 (2)'!A:C,3) -> 724.53795 | D68: =+D67 -> 46112 | E68: =+E67 -> 46094 | F68: =+VLOOKUP(A68,[1]CER_implicito!$A:$G,3) -> 722.46838 | G68: =+(F68/C68)^(30/(E68-B68))-1 -> 0.043841017 | H68: =+H67 -> 46202 | I68: =+WORKDAY.INTL(H68,-10,1,Feriados!$A$2:$A$1048576) -> 46184 | J68: =+VLOOKUP(A68,[1]CER_implicito!$A:$G,4) -> 771.40694 | K68: =+(J68/C68)^(30/(I68-B68))-1 -> 0.021598777 | L68: =+L67 -> 46324 | M68: =+WORKDAY.INTL(L68,-10,1,Feriados!$A$2:$A$1048576) -> 46310 | N68: =+VLOOKUP(A68,[1]CER_implicito!$A:$G,6) -> 818.8234 | O68: =+(N68/C68)^(30/(M68-B68))-1 -> 0.017297568 | P68: =+P67 -> 46171 | Q68: =+WORKDAY.INTL(P68,-10,1,Feriados!$A$2:$A$1048576) -> 46156 | R68: =+VLOOKUP(A68,[1]CER_implicito!$A:$G,7) -> 758.10442 | S68: =+(R68/C68)^(30/(Q68-B68))-1 -> 0.022901809 | T68: =+T67 -> 46507 | U68: =+U67 -> 46493 | V68: =+VLOOKUP(A68,[1]CER_implicito!$A:$G,5) -> 896.84859 | W68: =+(V68/C68)^(30/(U68-B68))-1 -> 0.016253053 | AB68: =+AB69 -> 46233 | AC68: =+WORKDAY.INTL(AB68,-10,1,Feriados!$A$2:$A$1048576) -> 46219 | AD68: =+VLOOKUP(A68,[1]CER_implicito!$A:$I,9) -> 790.12453 | AE68: =+(AD68/C68)^(30/(AC68-B68))-1 -> 0.021360656 | AJ68: =+AJ69 -> 46355 | AK68: =+WORKDAY.INTL(AJ68,-10,1,Feriados!$A$2:$A$1048576) -> 46339 | AL68: =+VLOOKUP(A68,[1]CER_implicito!$A:$K,11) -> 840.12874 | AM68: =+(AL68/C68)^(30/(AK68-B68))-1 -> 0.018442192
A69: =+[1]CER_implicito!$A486 -> 46077 | B69: 46096 | C69: =+VLOOKUP(B69,'Sheet1 (2)'!A:C,3) -> 724.53795 | D69: =+D68 -> 46112 | E69: =+E68 -> 46094 | F69: =+VLOOKUP(A69,[1]CER_implicito!$A:$G,3) -> 722.47795 | G69: =+(F69/C69)^(30/(E69-B69))-1 -> 0.043633693 | H69: =+H68 -> 46202 | I69: =+WORKDAY.INTL(H69,-10,1,Feriados!$A$2:$A$1048576) -> 46184 | J69: =+VLOOKUP(A69,[1]CER_implicito!$A:$G,4) -> 769.30634 | K69: =+(J69/C69)^(30/(I69-B69))-1 -> 0.020649553 | L69: =+L68 -> 46324 | M69: =+WORKDAY.INTL(L69,-10,1,Feriados!$A$2:$A$1048576) -> 46310 | N69: =+VLOOKUP(A69,[1]CER_implicito!$A:$G,6) -> 817.16062 | O69: =+(N69/C69)^(30/(M69-B69))-1 -> 0.017007713 | P69: =+P68 -> 46171 | Q69: =+WORKDAY.INTL(P69,-10,1,Feriados!$A$2:$A$1048576) -> 46156 | R69: =+VLOOKUP(A69,[1]CER_implicito!$A:$G,7) -> 755.68913 | S69: =+(R69/C69)^(30/(Q69-B69))-1 -> 0.021271044 | T69: =+T68 -> 46507 | U69: =+U68 -> 46493 | V69: =+VLOOKUP(A69,[1]CER_implicito!$A:$G,5) -> 889.54685 | W69: =+(V69/C69)^(30/(U69-B69))-1 -> 0.015625458 | AB69: =+AB70 -> 46233 | AC69: =+WORKDAY.INTL(AB69,-10,1,Feriados!$A$2:$A$1048576) -> 46219 | AD69: =+VLOOKUP(A69,[1]CER_implicito!$A:$I,9) -> 784.25398 | AE69: =+(AD69/C69)^(30/(AC69-B69))-1 -> 0.019504553 | AJ69: =+AJ70 -> 46355 | AK69: =+WORKDAY.INTL(AJ69,-10,1,Feriados!$A$2:$A$1048576) -> 46339 | AL69: =+VLOOKUP(A69,[1]CER_implicito!$A:$K,11) -> 834.84266 | AM69: =+(AL69/C69)^(30/(AK69-B69))-1 -> 0.017648888
A70: =+[1]CER_implicito!$A487 -> 46078 | B70: 46096 | C70: =+VLOOKUP(B70,'Sheet1 (2)'!A:C,3) -> 724.53795 | D70: =+D69 -> 46112 | E70: =+E69 -> 46094 | F70: =+VLOOKUP(A70,[1]CER_implicito!$A:$G,3) -> 722.81743 | G70: =+(F70/C70)^(30/(E70-B70))-1 -> 0.036305486 | H70: =+H69 -> 46202 | I70: =+WORKDAY.INTL(H70,-10,1,Feriados!$A$2:$A$1048576) -> 46184 | J70: =+VLOOKUP(A70,[1]CER_implicito!$A:$G,4) -> 769.68263 | K70: =+(J70/C70)^(30/(I70-B70))-1 -> 0.020819717 | L70: =+L69 -> 46324 | M70: =+WORKDAY.INTL(L70,-10,1,Feriados!$A$2:$A$1048576) -> 46310 | N70: =+VLOOKUP(A70,[1]CER_implicito!$A:$G,6) -> 819.00298 | O70: =+(N70/C70)^(30/(M70-B70))-1 -> 0.017328841 | P70: =+P69 -> 46171 | Q70: =+WORKDAY.INTL(P70,-10,1,Feriados!$A$2:$A$1048576) -> 46156 | R70: =+VLOOKUP(A70,[1]CER_implicito!$A:$G,7) -> 756.90018 | S70: =+(R70/C70)^(30/(Q70-B70))-1 -> 0.02208905 | T70: =+T69 -> 46507 | U70: =+U69 -> 46493 | V70: =+VLOOKUP(A70,[1]CER_implicito!$A:$G,5) -> 887.49013 | W70: =+(V70/C70)^(30/(U70-B70))-1 -> 0.01544782 | AB70: =+AB71 -> 46233 | AC70: =+WORKDAY.INTL(AB70,-10,1,Feriados!$A$2:$A$1048576) -> 46219 | AD70: =+VLOOKUP(A70,[1]CER_implicito!$A:$I,9) -> 784.03692 | AE70: =+(AD70/C70)^(30/(AC70-B70))-1 -> 0.019435722 | AJ70: =+AJ71 -> 46355 | AK70: =+WORKDAY.INTL(AJ70,-10,1,Feriados!$A$2:$A$1048576) -> 46339 | AL70: =+VLOOKUP(A70,[1]CER_implicito!$A:$K,11) -> 833.22448 | AM70: =+(AL70/C70)^(30/(AK70-B70))-1 -> 0.017405161
A71: =+[1]CER_implicito!$A488 -> 46079 | B71: 46096 | C71: =+VLOOKUP(B71,'Sheet1 (2)'!A:C,3) -> 724.53795 | D71: =+D70 -> 46112 | E71: =+E70 -> 46094 | F71: =+VLOOKUP(A71,[1]CER_implicito!$A:$G,3) -> 723.09501 | G71: =+(F71/C71)^(30/(E71-B71))-1 -> 0.030354322 | H71: =+H70 -> 46202 | I71: =+WORKDAY.INTL(H71,-10,1,Feriados!$A$2:$A$1048576) -> 46184 | J71: =+VLOOKUP(A71,[1]CER_implicito!$A:$G,4) -> 770.73787 | K71: =+(J71/C71)^(30/(I71-B71))-1 -> 0.02129662 | L71: =+L70 -> 46324 | M71: =+WORKDAY.INTL(L71,-10,1,Feriados!$A$2:$A$1048576) -> 46310 | N71: =+VLOOKUP(A71,[1]CER_implicito!$A:$G,6) -> 820.36541 | O71: =+(N71/C71)^(30/(M71-B71))-1 -> 0.017565917 | P71: =+P70 -> 46171 | Q71: =+WORKDAY.INTL(P71,-10,1,Feriados!$A$2:$A$1048576) -> 46156 | R71: =+VLOOKUP(A71,[1]CER_implicito!$A:$G,7) -> 755.51992 | S71: =+(R71/C71)^(30/(Q71-B71))-1 -> 0.021156697 | T71: =+T70 -> 46507 | U71: =+U70 -> 46493 | V71: =+VLOOKUP(A71,[1]CER_implicito!$A:$G,5) -> 887.31934 | W71: =+(V71/C71)^(30/(U71-B71))-1 -> 0.015433052 | AB71: =+AB72 -> 46233 | AC71: =+WORKDAY.INTL(AB71,-10,1,Feriados!$A$2:$A$1048576) -> 46219 | AD71: =+VLOOKUP(A71,[1]CER_implicito!$A:$I,9) -> 786.36783 | AE71: =+(AD71/C71)^(30/(AC71-B71))-1 -> 0.020174099 | AJ71: =+AJ72 -> 46355 | AK71: =+WORKDAY.INTL(AJ71,-10,1,Feriados!$A$2:$A$1048576) -> 46339 | AL71: =+VLOOKUP(A71,[1]CER_implicito!$A:$K,11) -> 836.94366 | AM71: =+(AL71/C71)^(30/(AK71-B71))-1 -> 0.01796472
A72: =+[1]CER_implicito!$A489 -> 46080 | B72: 46096 | C72: =+VLOOKUP(B72,'Sheet1 (2)'!A:C,3) -> 724.53795 | D72: =+D71 -> 46112 | E72: =+E71 -> 46094 | F72: =+VLOOKUP(A72,[1]CER_implicito!$A:$G,3) -> 724.12394 | G72: =+(F72/C72)^(30/(E72-B72))-1 -> 0.008610563 | H72: =+H71 -> 46202 | I72: =+WORKDAY.INTL(H72,-10,1,Feriados!$A$2:$A$1048576) -> 46184 | J72: =+VLOOKUP(A72,[1]CER_implicito!$A:$G,4) -> 770.36672 | K72: =+(J72/C72)^(30/(I72-B72))-1 -> 0.021128935 | L72: =+L71 -> 46324 | M72: =+WORKDAY.INTL(L72,-10,1,Feriados!$A$2:$A$1048576) -> 46310 | N72: =+VLOOKUP(A72,[1]CER_implicito!$A:$G,6) -> 827.81433 | O72: =+(N72/C72)^(30/(M72-B72))-1 -> 0.018856146 | P72: =+P71 -> 46171 | Q72: =+WORKDAY.INTL(P72,-10,1,Feriados!$A$2:$A$1048576) -> 46156 | R72: =+VLOOKUP(A72,[1]CER_implicito!$A:$G,7) -> 757.65501 | S72: =+(R72/C72)^(30/(Q72-B72))-1 -> 0.022598569 | T72: =+T71 -> 46507 | U72: =+U71 -> 46493 | V72: =+VLOOKUP(A72,[1]CER_implicito!$A:$G,5) -> 891.74008 | W72: =+(V72/C72)^(30/(U72-B72))-1 -> 0.015814469 | AB72: =+AB73 -> 46233 | AC72: =+WORKDAY.INTL(AB72,-10,1,Feriados!$A$2:$A$1048576) -> 46219 | AD72: =+VLOOKUP(A72,[1]CER_implicito!$A:$I,9) -> 783.65612 | AE72: =+(AD72/C72)^(30/(AC72-B72))-1 -> 0.019314936 | AJ72: =+AJ73 -> 46355 | AK72: =+WORKDAY.INTL(AJ72,-10,1,Feriados!$A$2:$A$1048576) -> 46339 | AL72: =+VLOOKUP(A72,[1]CER_implicito!$A:$K,11) -> 838.82289 | AM72: =+(AL72/C72)^(30/(AK72-B72))-1 -> 0.018246627
A73: =+[1]CER_implicito!$A490 -> 46083 | B73: 46096 | C73: =+VLOOKUP(B73,'Sheet1 (2)'!A:C,3) -> 724.53795 | D73: =+D72 -> 46112 | E73: =+E72 -> 46094 | F73: =+VLOOKUP(A73,[1]CER_implicito!$A:$G,3) -> 722.69688 | G73: =+(F73/C73)^(30/(E73-B73))-1 -> 0.038901572 | H73: =+H72 -> 46202 | I73: =+WORKDAY.INTL(H73,-10,1,Feriados!$A$2:$A$1048576) -> 46184 | J73: =+VLOOKUP(A73,[1]CER_implicito!$A:$G,4) -> 768.89426 | K73: =+(J73/C73)^(30/(I73-B73))-1 -> 0.020463143 | L73: =+L72 -> 46324 | M73: =+WORKDAY.INTL(L73,-10,1,Feriados!$A$2:$A$1048576) -> 46310 | N73: =+VLOOKUP(A73,[1]CER_implicito!$A:$G,6) -> 819.74497 | O73: =+(N73/C73)^(30/(M73-B73))-1 -> 0.017457997 | P73: =+P72 -> 46171 | Q73: =+WORKDAY.INTL(P73,-10,1,Feriados!$A$2:$A$1048576) -> 46156 | R73: =+VLOOKUP(A73,[1]CER_implicito!$A:$G,7) -> 757.39955 | S73: =+(R73/C73)^(30/(Q73-B73))-1 -> 0.022426157 | T73: =+T72 -> 46507 | U73: =+U72 -> 46493 | V73: =+VLOOKUP(A73,[1]CER_implicito!$A:$G,5) -> 893.51851 | W73: =+(V73/C73)^(30/(U73-B73))-1 -> 0.015967416 | AB73: =+AB74 -> 46233 | AC73: =+WORKDAY.INTL(AB73,-10,1,Feriados!$A$2:$A$1048576) -> 46219 | AD73: =+VLOOKUP(A73,[1]CER_implicito!$A:$I,9) -> 782.7237 | AE73: =+(AD73/C73)^(30/(AC73-B73))-1 -> 0.019018995 | AJ73: =+AJ74 -> 46355 | AK73: =+WORKDAY.INTL(AJ73,-10,1,Feriados!$A$2:$A$1048576) -> 46339 | AL73: =+VLOOKUP(A73,[1]CER_implicito!$A:$K,11) -> 831.92954 | AM73: =+(AL73/C73)^(30/(AK73-B73))-1 -> 0.01720982
A74: =+[1]CER_implicito!$A491 -> 46084 | B74: 46096 | C74: =+VLOOKUP(B74,'Sheet1 (2)'!A:C,3) -> 724.53795 | D74: =+D73 -> 46112 | E74: =+E73 -> 46094 | F74: =+VLOOKUP(A74,[1]CER_implicito!$A:$G,3) -> 722.44323 | G74: =+(F74/C74)^(30/(E74-B74))-1 -> 0.044386433 | H74: =+H73 -> 46202 | I74: =+WORKDAY.INTL(H74,-10,1,Feriados!$A$2:$A$1048576) -> 46184 | J74: =+VLOOKUP(A74,[1]CER_implicito!$A:$G,4) -> 771.28471 | K74: =+(J74/C74)^(30/(I74-B74))-1 -> 0.021543594 | L74: =+L73 -> 46324 | M74: =+WORKDAY.INTL(L74,-10,1,Feriados!$A$2:$A$1048576) -> 46310 | N74: =+VLOOKUP(A74,[1]CER_implicito!$A:$G,6) -> 822.37327 | O74: =+(N74/C74)^(30/(M74-B74))-1 -> 0.017914687 | P74: =+P73 -> 46171 | Q74: =+WORKDAY.INTL(P74,-10,1,Feriados!$A$2:$A$1048576) -> 46156 | R74: =+VLOOKUP(A74,[1]CER_implicito!$A:$G,7) -> 759.70742 | S74: =+(R74/C74)^(30/(Q74-B74))-1 -> 0.023982689 | T74: =+T73 -> 46507 | U74: =+U73 -> 46493 | V74: =+VLOOKUP(A74,[1]CER_implicito!$A:$G,5) -> 896.05459 | W74: =+(V74/C74)^(30/(U74-B74))-1 -> 0.016185037 | AB74: =+AB75 -> 46233 | AC74: =+WORKDAY.INTL(AB74,-10,1,Feriados!$A$2:$A$1048576) -> 46219 | AD74: =+VLOOKUP(A74,[1]CER_implicito!$A:$I,9) -> 784.23423 | AE74: =+(AD74/C74)^(30/(AC74-B74))-1 -> 0.01949829 | AJ74: =+AJ75 -> 46355 | AK74: =+WORKDAY.INTL(AJ74,-10,1,Feriados!$A$2:$A$1048576) -> 46339 | AL74: =+VLOOKUP(A74,[1]CER_implicito!$A:$K,11) -> 831.98983 | AM74: =+(AL74/C74)^(30/(AK74-B74))-1 -> 0.01721892
A75: =+[1]CER_implicito!$A492 -> 46085 | B75: 46096 | C75: =+VLOOKUP(B75,'Sheet1 (2)'!A:C,3) -> 724.53795 | D75: =+D74 -> 46112 | E75: =+E74 -> 46094 | F75: =+VLOOKUP(A75,[1]CER_implicito!$A:$G,3) -> 722.53913 | G75: =+(F75/C75)^(30/(E75-B75))-1 -> 0.042308913 | H75: =+H74 -> 46202 | I75: =+WORKDAY.INTL(H75,-10,1,Feriados!$A$2:$A$1048576) -> 46184 | J75: =+VLOOKUP(A75,[1]CER_implicito!$A:$G,4) -> 773.00616 | K75: =+(J75/C75)^(30/(I75-B75))-1 -> 0.022320294 | L75: =+L74 -> 46324 | M75: =+WORKDAY.INTL(L75,-10,1,Feriados!$A$2:$A$1048576) -> 46310 | N75: =+VLOOKUP(A75,[1]CER_implicito!$A:$G,6) -> 824.99044 | O75: =+(N75/C75)^(30/(M75-B75))-1 -> 0.018368199 | P75: =+P74 -> 46171 | Q75: =+WORKDAY.INTL(P75,-10,1,Feriados!$A$2:$A$1048576) -> 46156 | R75: =+VLOOKUP(A75,[1]CER_implicito!$A:$G,7) -> 758.64331 | S75: =+(R75/C75)^(30/(Q75-B75))-1 -> 0.023265302 | T75: =+T74 -> 46507 | U75: =+U74 -> 46493 | V75: =+VLOOKUP(A75,[1]CER_implicito!$A:$G,5) -> 899.72794 | W75: =+(V75/C75)^(30/(U75-B75))-1 -> 0.01649924 | AB75: =+AB76 -> 46233 | AC75: =+WORKDAY.INTL(AB75,-10,1,Feriados!$A$2:$A$1048576) -> 46219 | AD75: =+VLOOKUP(A75,[1]CER_implicito!$A:$I,9) -> 788.48423 | AE75: =+(AD75/C75)^(30/(AC75-B75))-1 -> 0.020843091 | AJ75: =+AJ76 -> 46355 | AK75: =+WORKDAY.INTL(AJ75,-10,1,Feriados!$A$2:$A$1048576) -> 46339 | AL75: =+VLOOKUP(A75,[1]CER_implicito!$A:$K,11) -> 835.19955 | AM75: =+(AL75/C75)^(30/(AK75-B75))-1 -> 0.017702587
A76: =+[1]CER_implicito!$A493 -> 46086 | B76: 46096 | C76: =+VLOOKUP(B76,'Sheet1 (2)'!A:C,3) -> 724.53795 | D76: =+D75 -> 46112 | E76: =+E75 -> 46094 | F76: =+VLOOKUP(A76,[1]CER_implicito!$A:$G,3) -> 722.89599 | G76: =+(F76/C76)^(30/(E76-B76))-1 -> 0.034617493 | H76: =+H75 -> 46202 | I76: =+WORKDAY.INTL(H76,-10,1,Feriados!$A$2:$A$1048576) -> 46184 | J76: =+VLOOKUP(A76,[1]CER_implicito!$A:$G,4) -> 772.31422 | K76: =+(J76/C76)^(30/(I76-B76))-1 -> 0.022008236 | L76: =+L75 -> 46324 | M76: =+WORKDAY.INTL(L76,-10,1,Feriados!$A$2:$A$1048576) -> 46310 | N76: =+VLOOKUP(A76,[1]CER_implicito!$A:$G,6) -> 830.4241 | O76: =+(N76/C76)^(30/(M76-B76))-1 -> 0.019305824 | P76: =+P75 -> 46171 | Q76: =+WORKDAY.INTL(P76,-10,1,Feriados!$A$2:$A$1048576) -> 46156 | R76: =+VLOOKUP(A76,[1]CER_implicito!$A:$G,7) -> 757.7717 | S76: =+(R76/C76)^(30/(Q76-B76))-1 -> 0.022677314 | T76: =+T75 -> 46507 | U76: =+U75 -> 46493 | V76: =+VLOOKUP(A76,[1]CER_implicito!$A:$G,5) -> 901.26517 | W76: =+(V76/C76)^(30/(U76-B76))-1 -> 0.016630376 | AB76: =+AB77 -> 46233 | AC76: =+WORKDAY.INTL(AB76,-10,1,Feriados!$A$2:$A$1048576) -> 46219 | AD76: =+VLOOKUP(A76,[1]CER_implicito!$A:$I,9) -> 789.25982 | AE76: =+(AD76/C76)^(30/(AC76-B76))-1 -> 0.021087913 | AJ76: =+AJ77 -> 46355 | AK76: =+WORKDAY.INTL(AJ76,-10,1,Feriados!$A$2:$A$1048576) -> 46339 | AL76: =+VLOOKUP(A76,[1]CER_implicito!$A:$K,11) -> 840.91103 | AM76: =+(AL76/C76)^(30/(AK76-B76))-1 -> 0.018559222
A77: =+[1]CER_implicito!$A494 -> 46087 | B77: 46096 | C77: =+VLOOKUP(B77,'Sheet1 (2)'!A:C,3) -> 724.53795 | D77: =+D76 -> 46112 | E77: =+E76 -> 46094 | F77: =+VLOOKUP(A77,[1]CER_implicito!$A:$G,3) -> 724.21334 | G77: =+(F77/C77)^(30/(E77-B77))-1 -> 0.0067445194 | H77: =+H76 -> 46202 | I77: =+WORKDAY.INTL(H77,-10,1,Feriados!$A$2:$A$1048576) -> 46184 | J77: =+VLOOKUP(A77,[1]CER_implicito!$A:$G,4) -> 773.89171 | K77: =+(J77/C77)^(30/(I77-B77))-1 -> 0.022719407 | L77: =+L76 -> 46324 | M77: =+WORKDAY.INTL(L77,-10,1,Feriados!$A$2:$A$1048576) -> 46310 | N77: =+VLOOKUP(A77,[1]CER_implicito!$A:$G,6) -> 831.40313 | O77: =+(N77/C77)^(30/(M77-B77))-1 -> 0.019474203 | P77: =+P76 -> 46171 | Q77: =+WORKDAY.INTL(P77,-10,1,Feriados!$A$2:$A$1048576) -> 46156 | R77: =+VLOOKUP(A77,[1]CER_implicito!$A:$G,7) -> 760.00586 | S77: =+(R77/C77)^(30/(Q77-B77))-1 -> 0.024183801 | T77: =+T76 -> 46507 | U77: =+U76 -> 46493 | V77: =+VLOOKUP(A77,[1]CER_implicito!$A:$G,5) -> 904.09912 | W77: =+(V77/C77)^(30/(U77-B77))-1 -> 0.016871591 | AB77: =+AB78 -> 46233 | AC77: =+WORKDAY.INTL(AB77,-10,1,Feriados!$A$2:$A$1048576) -> 46219 | AD77: =+VLOOKUP(A77,[1]CER_implicito!$A:$I,9) -> 791.00857 | AE77: =+(AD77/C77)^(30/(AC77-B77))-1 -> 0.021639261 | AJ77: =+AJ78 -> 46355 | AK77: =+WORKDAY.INTL(AJ77,-10,1,Feriados!$A$2:$A$1048576) -> 46339 | AL77: =+VLOOKUP(A77,[1]CER_implicito!$A:$K,11) -> 848.29079 | AM77: =+(AL77/C77)^(30/(AK77-B77))-1 -> 0.019658554
A78: =+[1]CER_implicito!$A495 -> 46090 | B78: 46096 | C78: =+VLOOKUP(B78,'Sheet1 (2)'!A:C,3) -> 724.53795 | D78: =+D77 -> 46112 | E78: =+E77 -> 46094 | F78: =+VLOOKUP(A78,[1]CER_implicito!$A:$G,3) -> 722.82303 | G78: =+(F78/C78)^(30/(E78-B78))-1 -> 0.036185053 | H78: =+H77 -> 46202 | I78: =+WORKDAY.INTL(H78,-10,1,Feriados!$A$2:$A$1048576) -> 46184 | J78: =+VLOOKUP(A78,[1]CER_implicito!$A:$G,4) -> 773.54958 | K78: =+(J78/C78)^(30/(I78-B78))-1 -> 0.022565247 | L78: =+L77 -> 46324 | M78: =+WORKDAY.INTL(L78,-10,1,Feriados!$A$2:$A$1048576) -> 46310 | N78: =+VLOOKUP(A78,[1]CER_implicito!$A:$G,6) -> 832.91656 | O78: =+(N78/C78)^(30/(M78-B78))-1 -> 0.019734155 | P78: =+P77 -> 46171 | Q78: =+WORKDAY.INTL(P78,-10,1,Feriados!$A$2:$A$1048576) -> 46156 | R78: =+VLOOKUP(A78,[1]CER_implicito!$A:$G,7) -> 758.85222 | S78: =+(R78/C78)^(30/(Q78-B78))-1 -> 0.023406181 | T78: =+T77 -> 46507 | U78: =+U77 -> 46493 | V78: =+VLOOKUP(A78,[1]CER_implicito!$A:$G,5) -> 902.86271 | W78: =+(V78/C78)^(30/(U78-B78))-1 -> 0.016766438 | AB78: =+AB79 -> 46233 | AC78: =+WORKDAY.INTL(AB78,-10,1,Feriados!$A$2:$A$1048576) -> 46219 | AD78: =+VLOOKUP(A78,[1]CER_implicito!$A:$I,9) -> 788.24155 | AE78: =+(AD78/C78)^(30/(AC78-B78))-1 -> 0.020766449 | AJ78: =+AJ79 -> 46355 | AK78: =+WORKDAY.INTL(AJ78,-10,1,Feriados!$A$2:$A$1048576) -> 46339 | AL78: =+VLOOKUP(A78,[1]CER_implicito!$A:$K,11) -> 850.0999 | AM78: =+(AL78/C78)^(30/(AK78-B78))-1 -> 0.01992677
... A81: =+[1]CER_implicito!$A498 -> 46093 | B81: 46096 | C81: =+VLOOKUP(B81,'Sheet1 (2)'!A:C,3) -> 724.53795 | D81: =+D80 -> 46112 | E81: =+E80 -> 46094 | F81: =+VLOOKUP(A81,[1]CER_implicito!$A:$G,3) -> 723.45167 | G81: =+(F81/C81)^(30/(E81-B81))-1 -> 0.022761126 | H81: =+H80 -> 46202 | I81: =+WORKDAY.INTL(H81,-10,1,Feriados!$A$2:$A$1048576) -> 46184 | J81: =+VLOOKUP(A81,[1]CER_implicito!$A:$G,4) -> 777.21449 | K81: =+(J81/C81)^(30/(I81-B81))-1 -> 0.024214275 | L81: =+L80 -> 46324 | M81: =+WORKDAY.INTL(L81,-10,1,Feriados!$A$2:$A$1048576) -> 46310 | N81: =+VLOOKUP(A81,[1]CER_implicito!$A:$G,6) -> 836.23129 | O81: =+(N81/C81)^(30/(M81-B81))-1 -> 0.020302091 | P81: =+P80 -> 46171 | Q81: =+WORKDAY.INTL(P81,-10,1,Feriados!$A$2:$A$1048576) -> 46156 | R81: =+VLOOKUP(A81,[1]CER_implicito!$A:$G,7) -> 763.21075 | S81: =+(R81/C81)^(30/(Q81-B81))-1 -> 0.026340981 | T81: =+T80 -> 46507 | U81: =+U80 -> 46493 | V81: =+VLOOKUP(A81,[1]CER_implicito!$A:$G,5) -> 902.84391 | W81: =+(V81/C81)^(30/(U81-B81))-1 -> 0.016764838 | AB81: =+AB82 -> 46233 | AC81: =+WORKDAY.INTL(AB81,-10,1,Feriados!$A$2:$A$1048576) -> 46219 | AD81: =+VLOOKUP(A81,[1]CER_implicito!$A:$I,9) -> 795.46617 | AE81: =+(AD81/C81)^(30/(AC81-B81))-1 -> 0.023040493 | AJ81: =+AJ82 -> 46355 | AK81: =+WORKDAY.INTL(AJ81,-10,1,Feriados!$A$2:$A$1048576) -> 46339 | AL81: =+VLOOKUP(A81,[1]CER_implicito!$A:$K,11) -> 853.86734 | AM81: =+(AL81/C81)^(30/(AK81-B81))-1 -> 0.020483724
A82: =+[1]CER_implicito!$A499 -> 46094 | B82: =+MAX('Sheet1 (2)'!A:A) -> 46127 | C82: =+VLOOKUP(B82,'Sheet1 (2)'!A:C,3) -> 745.54955 | D82: =+D81 -> 46112 | E82: =+E81 -> 46094 | F82: =+VLOOKUP(A82,[1]CER_implicito!$A:$G,3) -> 724.23294 | G82: =+(F82/C82)^(30/(E82-B82))-1 -> 0.026722182 | H82: =+H81 -> 46202 | I82: =+WORKDAY.INTL(H82,-10,1,Feriados!$A$2:$A$1048576) -> 46184 | J82: =+VLOOKUP(A82,[1]CER_implicito!$A:$G,4) -> 780.56518 | K82: =+(J82/C82)^(30/(I82-B82))-1 -> 0.024450254 | L82: =+L81 -> 46324 | M82: =+WORKDAY.INTL(L82,-10,1,Feriados!$A$2:$A$1048576) -> 46310 | N82: =+VLOOKUP(A82,[1]CER_implicito!$A:$G,6) -> 840.48431 | O82: =+(N82/C82)^(30/(M82-B82))-1 -> 0.019842942 | P82: =+P81 -> 46171 | Q82: =+WORKDAY.INTL(P82,-10,1,Feriados!$A$2:$A$1048576) -> 46156 | R82: =+VLOOKUP(A82,[1]CER_implicito!$A:$G,7) -> 764.14771 | S82: =+(R82/C82)^(30/(Q82-B82))-1 -> 0.025816772 | T82: =+T81 -> 46507 | U82: =+U81 -> 46493 | V82: =+VLOOKUP(A82,[1]CER_implicito!$A:$G,5) -> 911.85374 | W82: =+(V82/C82)^(30/(U82-B82))-1 -> 0.01664171 | AB82: =+AB83 -> 46233 | AC82: =+WORKDAY.INTL(AB82,-10,1,Feriados!$A$2:$A$1048576) -> 46219 | AD82: =+VLOOKUP(A82,[1]CER_implicito!$A:$I,9) -> 796.46314 | AE82: =+(AD82/C82)^(30/(AC82-B82))-1 -> 0.021774746 | AJ82: =+AJ83 -> 46355 | AK82: =+WORKDAY.INTL(AJ82,-10,1,Feriados!$A$2:$A$1048576) -> 46339 | AL82: =+VLOOKUP(A82,[1]CER_implicito!$A:$K,11) -> 854.81388 | AM82: =+(AL82/C82)^(30/(AK82-B82))-1 -> 0.019541623
A83: =+[1]CER_implicito!$A500 -> 46097 | B83: =+MAX('Sheet1 (2)'!A:A) -> 46127 | C83: =+VLOOKUP(B83,'Sheet1 (2)'!A:C,3) -> 745.54955 | D83: =+D82 -> 46112 | E83: =+E82 -> 46094 | F83: =+VLOOKUP(A83,[1]CER_implicito!$A:$G,3) -> 723.30614 | G83: =+(F83/C83)^(30/(E83-B83))-1 -> 0.027918092 | H83: =+H82 -> 46202 | I83: =+WORKDAY.INTL(H83,-10,1,Feriados!$A$2:$A$1048576) -> 46184 | J83: =+VLOOKUP(A83,[1]CER_implicito!$A:$G,4) -> 781.91654 | K83: =+(J83/C83)^(30/(I83-B83))-1 -> 0.025383341 | L83: =+L82 -> 46324 | M83: =+WORKDAY.INTL(L83,-10,1,Feriados!$A$2:$A$1048576) -> 46310 | N83: =+VLOOKUP(A83,[1]CER_implicito!$A:$G,6) -> 845.64459 | O83: =+(N83/C83)^(30/(M83-B83))-1 -> 0.02086679 | P83: =+P82 -> 46171 | Q83: =+WORKDAY.INTL(P83,-10,1,Feriados!$A$2:$A$1048576) -> 46156 | R83: =+VLOOKUP(A83,[1]CER_implicito!$A:$G,7) -> 763.13009 | S83: =+(R83/C83)^(30/(Q83-B83))-1 -> 0.024403611 | T83: =+T82 -> 46507 | U83: =+U82 -> 46493 | V83: =+VLOOKUP(A83,[1]CER_implicito!$A:$G,5) -> 918.3432 | W83: =+(V83/C83)^(30/(U83-B83))-1 -> 0.017232832 | X83: 46156 | Y83: =+WORKDAY.INTL(X83,-10,1,Feriados!$A$2:$A$1048576) -> 46141 | Z83: =+VLOOKUP(A83,[1]CER_implicito!$A:$H,8) -> 755.67249 | AA83: =+(Z83/C83)^(30/(Y83-B83))-1 -> 0.029321232 | AB83: 46233 | AC83: =+WORKDAY.INTL(AB83,-10,1,Feriados!$A$2:$A$1048576) -> 46219 | AD83: =+VLOOKUP(A83,[1]CER_implicito!$A:$I,9) -> 799.90155 | AE83: =+(AD83/C83)^(30/(AC83-B83))-1 -> 0.023211062 | AF83: 46294 | AG83: =+WORKDAY.INTL(AF83,-10,1,Feriados!$A$2:$A$1048576) -> 46280 | AH83: =+VLOOKUP(A83,[1]CER_implicito!$A:$J,10) -> 832.63893 | AI83: =+(AH83/C83)^(30/(AG83-B83))-1 -> 0.021898785 | AJ83: 46355 | AK83: =+WORKDAY.INTL(AJ83,-10,1,Feriados!$A$2:$A$1048576) -> 46339 | AL83: =+VLOOKUP(A83,[1]CER_implicito!$A:$K,11) -> 861.63167 | AM83: =+(AL83/C83)^(30/(AK83-B83))-1 -> 0.020688403
A84: =+[1]CER_implicito!$A501 -> 46098 | B84: =+MAX('Sheet1 (2)'!A:A) -> 46127 | C84: =+VLOOKUP(B84,'Sheet1 (2)'!A:C,3) -> 745.54955 | D84: =+D83 -> 46112 | E84: =+E83 -> 46094 | F84: =+VLOOKUP(A84,[1]CER_implicito!$A:$G,3) -> 723.08584 | G84: =+(F84/C84)^(30/(E84-B84))-1 -> 0.028202787 | H84: =+H83 -> 46202 | I84: =+WORKDAY.INTL(H84,-10,1,Feriados!$A$2:$A$1048576) -> 46184 | J84: =+VLOOKUP(A84,[1]CER_implicito!$A:$G,4) -> 781.54583 | K84: =+(J84/C84)^(30/(I84-B84))-1 -> 0.025127446 | L84: =+L83 -> 46324 | M84: =+WORKDAY.INTL(L84,-10,1,Feriados!$A$2:$A$1048576) -> 46310 | N84: =+VLOOKUP(A84,[1]CER_implicito!$A:$G,6) -> 846.27158 | O84: =+(N84/C84)^(30/(M84-B84))-1 -> 0.020990835 | P84: =+P83 -> 46171 | Q84: =+WORKDAY.INTL(P84,-10,1,Feriados!$A$2:$A$1048576) -> 46156 | R84: =+VLOOKUP(A84,[1]CER_implicito!$A:$G,7) -> 764.61844 | S84: =+(R84/C84)^(30/(Q84-B84))-1 -> 0.0264705 | T84: =+T83 -> 46507 | U84: =+U83 -> 46493 | V84: =+VLOOKUP(A84,[1]CER_implicito!$A:$G,5) -> 920.95267 | W84: =+(V84/C84)^(30/(U84-B84))-1 -> 0.017469447 | X84: =+X83 -> 46156 | Y84: =+WORKDAY.INTL(X84,-10,1,Feriados!$A$2:$A$1048576) -> 46141 | Z84: =+VLOOKUP(A84,[1]CER_implicito!$A:$H,8) -> 755.70705 | AA84: =+(Z84/C84)^(30/(Y84-B84))-1 -> 0.029422111 | AB84: =+AB83 -> 46233 | AC84: =+WORKDAY.INTL(AB84,-10,1,Feriados!$A$2:$A$1048576) -> 46219 | AD84: =+VLOOKUP(A84,[1]CER_implicito!$A:$I,9) -> 801.41007 | AE84: =+(AD84/C84)^(30/(AC84-B84))-1 -> 0.023839897 | AF84: =+AF83 -> 46294 | AG84: =+WORKDAY.INTL(AF84,-10,1,Feriados!$A$2:$A$1048576) -> 46280 | AH84: =+VLOOKUP(A84,[1]CER_implicito!$A:$J,10) -> 831.91444 | AI84: =+(AH84/C84)^(30/(AG84-B84))-1 -> 0.021724377 | AJ84: =+AJ83 -> 46355 | AK84: =+WORKDAY.INTL(AJ84,-10,1,Feriados!$A$2:$A$1048576) -> 46339 | AL84: =+VLOOKUP(A84,[1]CER_implicito!$A:$K,11) -> 861.40562 | AM84: =+(AL84/C84)^(30/(AK84-B84))-1 -> 0.020650506
I87: S15Y6 con X15Y6
I88: S31L6 con X31L6
I89: S30S6 con X30S6
I90: S30N6 con X30N6

Sheet Serie infla anual
A1: Fecha | B1: 45992 | C1: 46023 | D1: 46054 | E1: 46082 | F1: 46113 | G1: 46143 | H1: 46174 | I1: 46204 | J1: 46235 | K1: 46266 | L1: 46296 | M1: 46327 | N1: 46357 | O1: 46388 | P1: Inflación anual
A2: =+'Inflación BE'!A31 -> 46017 | B2: =+VLOOKUP(A2,'Inflación BE'!A:G,7) -> 0.024101569 | C2: =+VLOOKUP(A2,'Inflación BE'!A:G,7) -> 0.024101569 | D2: =+VLOOKUP(A2,'Inflación BE'!A:S,19) -> 0.021874721 | E2: =+D2 -> 0.021874721 | F2: =+((((1+VLOOKUP(A2,'Inflación BE'!A:K,11))^3)/((1+E2)^2))^(1/1))-1 -> 0.01970539 | G2: =+((((1+VLOOKUP(A2,'Inflación BE'!A:O,15))^7)/((1+VLOOKUP(A2,'Inflación BE'!A:K,11))^3))^(1/4))-1 -> 0.014698543 | H2: =+G2 -> 0.014698543 | I2: =+H2 -> 0.014698543 | J2: =+I2 -> 0.014698543 | K2: =+((((1+VLOOKUP(A2,'Inflación BE'!A:W,23))^12)/((1+VLOOKUP(A2,'Inflación BE'!A:O,15))^7))^(1/5))-1 -> 0.01467254 | L2: =+K2 -> 0.01467254 | M2: =+L2 -> 0.01467254 | N2: =+M2 -> 0.01467254 | O2: =+N2 -> 0.01467254 | P2: =+((1+C2)*(1+D2)*(1+E2)*(1+F2)*(1+G2)*(1+H2)*(1+I2)*(1+J2)*(1+K2)*(1+L2)*(1+M2)*(1+N2))-1 -> 0.2253632
A3: =+'Inflación BE'!A32 -> 46020 | B3: =+VLOOKUP(A3,'Inflación BE'!A:G,7) -> 0.021997684 | C3: =+VLOOKUP(A3,'Inflación BE'!A:G,7) -> 0.021997684 | D3: =+VLOOKUP(A3,'Inflación BE'!A:S,19) -> 0.020962704 | E3: =+D3 -> 0.020962704 | F3: =+((((1+VLOOKUP(A3,'Inflación BE'!A:K,11))^3)/((1+E3)^2))^(1/1))-1 -> 0.018464219 | G3: =+((((1+VLOOKUP(A3,'Inflación BE'!A:O,15))^7)/((1+VLOOKUP(A3,'Inflación BE'!A:K,11))^3))^(1/4))-1 -> 0.014937756 | H3: =+G3 -> 0.014937756 | I3: =+H3 -> 0.014937756 | J3: =+I3 -> 0.014937756 | K3: =+((((1+VLOOKUP(A3,'Inflación BE'!A:W,23))^12)/((1+VLOOKUP(A3,'Inflación BE'!A:O,15))^7))^(1/5))-1 -> 0.01605869 | L3: =+K3 -> 0.01605869 | M3: =+L3 -> 0.01605869 | N3: =+M3 -> 0.01605869 | O3: =+N3 -> 0.01605869 | P3: =+((1+C3)*(1+D3)*(1+E3)*(1+F3)*(1+G3)*(1+H3)*(1+I3)*(1+J3)*(1+K3)*(1+L3)*(1+M3)*(1+N3))-1 -> 0.22701043
A4: =+'Inflación BE'!A33 -> 46021 | B4: =+VLOOKUP(A4,'Inflación BE'!A:G,7) -> 0.02417205 | C4: =+VLOOKUP(A4,'Inflación BE'!A:G,7) -> 0.02417205 | D4: =+VLOOKUP(A4,'Inflación BE'!A:S,19) -> 0.021909686 | E4: =+D4 -> 0.021909686 | F4: =+((((1+VLOOKUP(A4,'Inflación BE'!A:K,11))^3)/((1+E4)^2))^(1/1))-1 -> 0.018486989 | G4: =+((((1+VLOOKUP(A4,'Inflación BE'!A:O,15))^7)/((1+VLOOKUP(A4,'Inflación BE'!A:K,11))^3))^(1/4))-1 -> 0.013481777 | H4: =+G4 -> 0.013481777 | I4: =+H4 -> 0.013481777 | J4: =+I4 -> 0.013481777 | K4: =+((((1+VLOOKUP(A4,'Inflación BE'!A:W,23))^12)/((1+VLOOKUP(A4,'Inflación BE'!A:O,15))^7))^(1/5))-1 -> 0.015779264 | L4: =+K4 -> 0.015779264 | M4: =+L4 -> 0.015779264 | N4: =+M4 -> 0.015779264 | O4: =+N4 -> 0.015779264 | P4: =+((1+C4)*(1+D4)*(1+E4)*(1+F4)*(1+G4)*(1+H4)*(1+I4)*(1+J4)*(1+K4)*(1+L4)*(1+M4)*(1+N4))-1 -> 0.22352989
A5: =+'Inflación BE'!A34 -> 46024 | B5: =+VLOOKUP(A5,'Inflación BE'!A:G,7) -> 0.023016051 | C5: =+VLOOKUP(A5,'Inflación BE'!A:G,7) -> 0.023016051 | D5: =+VLOOKUP(A5,'Inflación BE'!A:S,19) -> 0.021642054 | E5: =+D5 -> 0.021642054 | F5: =+((((1+VLOOKUP(A5,'Inflación BE'!A:K,11))^3)/((1+E5)^2))^(1/1))-1 -> 0.018145767 | G5: =+((((1+VLOOKUP(A5,'Inflación BE'!A:O,15))^7)/((1+VLOOKUP(A5,'Inflación BE'!A:K,11))^3))^(1/4))-1 -> 0.015339318 | H5: =+G5 -> 0.015339318 | I5: =+H5 -> 0.015339318 | J5: =+I5 -> 0.015339318 | K5: =+((((1+VLOOKUP(A5,'Inflación BE'!A:W,23))^12)/((1+VLOOKUP(A5,'Inflación BE'!A:O,15))^7))^(1/5))-1 -> 0.016293936 | L5: =+K5 -> 0.016293936 | M5: =+L5 -> 0.016293936 | N5: =+M5 -> 0.016293936 | O5: =+N5 -> 0.016293936 | P5: =+((1+C5)*(1+D5)*(1+E5)*(1+F5)*(1+G5)*(1+H5)*(1+I5)*(1+J5)*(1+K5)*(1+L5)*(1+M5)*(1+N5))-1 -> 0.23257139
A6: =+'Inflación BE'!A35 -> 46027 | B6: =+VLOOKUP(A6,'Inflación BE'!A:G,7) -> 0.023723804 | C6: =+VLOOKUP(A6,'Inflación BE'!A:G,7) -> 0.023723804 | D6: =+VLOOKUP(A6,'Inflación BE'!A:S,19) -> 0.020932044 | E6: =+D6 -> 0.020932044 | F6: =+((((1+VLOOKUP(A6,'Inflación BE'!A:K,11))^3)/((1+E6)^2))^(1/1))-1 -> 0.019286577 | G6: =+((((1+VLOOKUP(A6,'Inflación BE'!A:O,15))^7)/((1+VLOOKUP(A6,'Inflación BE'!A:K,11))^3))^(1/4))-1 -> 0.016700942 | H6: =+G6 -> 0.016700942 | I6: =+H6 -> 0.016700942 | J6: =+I6 -> 0.016700942 | K6: =+((((1+VLOOKUP(A6,'Inflación BE'!A:W,23))^12)/((1+VLOOKUP(A6,'Inflación BE'!A:O,15))^7))^(1/5))-1 -> 0.015222319 | L6: =+K6 -> 0.015222319 | M6: =+L6 -> 0.015222319 | N6: =+M6 -> 0.015222319 | O6: =+N6 -> 0.015222319 | P6: =+((1+C6)*(1+D6)*(1+E6)*(1+F6)*(1+G6)*(1+H6)*(1+I6)*(1+J6)*(1+K6)*(1+L6)*(1+M6)*(1+N6))-1 -> 0.23449776
A7: =+'Inflación BE'!A36 -> 46028 | B7: =+VLOOKUP(A7,'Inflación BE'!A:G,7) -> 0.023825677 | C7: =+VLOOKUP(A7,'Inflación BE'!A:G,7) -> 0.023825677 | D7: =+VLOOKUP(A7,'Inflación BE'!A:S,19) -> 0.02071646 | E7: =+D7 -> 0.02071646 | F7: =+((((1+VLOOKUP(A7,'Inflación BE'!A:K,11))^3)/((1+E7)^2))^(1/1))-1 -> 0.020094759 | G7: =+((((1+VLOOKUP(A7,'Inflación BE'!A:O,15))^7)/((1+VLOOKUP(A7,'Inflación BE'!A:K,11))^3))^(1/4))-1 -> 0.017579987 | H7: =+G7 -> 0.017579987 | I7: =+H7 -> 0.017579987 | J7: =+I7 -> 0.017579987 | K7: =+((((1+VLOOKUP(A7,'Inflación BE'!A:W,23))^12)/((1+VLOOKUP(A7,'Inflación BE'!A:O,15))^7))^(1/5))-1 -> 0.014439517 | L7: =+K7 -> 0.014439517 | M7: =+L7 -> 0.014439517 | N7: =+M7 -> 0.014439517 | O7: =+N7 -> 0.014439517 | P7: =+((1+C7)*(1+D7)*(1+E7)*(1+F7)*(1+G7)*(1+H7)*(1+I7)*(1+J7)*(1+K7)*(1+L7)*(1+M7)*(1+N7))-1 -> 0.23553665
A8: =+'Inflación BE'!A37 -> 46029 | B8: =+VLOOKUP(A8,'Inflación BE'!A:G,7) -> 0.023768267 | C8: =+VLOOKUP(A8,'Inflación BE'!A:G,7) -> 0.023768267 | D8: =+VLOOKUP(A8,'Inflación BE'!A:S,19) -> 0.02221001 | E8: =+D8 -> 0.02221001 | F8: =+((((1+VLOOKUP(A8,'Inflación BE'!A:K,11))^3)/((1+E8)^2))^(1/1))-1 -> 0.018632833 | G8: =+((((1+VLOOKUP(A8,'Inflación BE'!A:O,15))^7)/((1+VLOOKUP(A8,'Inflación BE'!A:K,11))^3))^(1/4))-1 -> 0.017000515 | H8: =+G8 -> 0.017000515 | I8: =+H8 -> 0.017000515 | J8: =+I8 -> 0.017000515 | K8: =+((((1+VLOOKUP(A8,'Inflación BE'!A:W,23))^12)/((1+VLOOKUP(A8,'Inflación BE'!A:O,15))^7))^(1/5))-1 -> 0.014592909 | L8: =+K8 -> 0.014592909 | M8: =+L8 -> 0.014592909 | N8: =+M8 -> 0.014592909 | O8: =+N8 -> 0.014592909 | P8: =+((1+C8)*(1+D8)*(1+E8)*(1+F8)*(1+G8)*(1+H8)*(1+I8)*(1+J8)*(1+K8)*(1+L8)*(1+M8)*(1+N8))-1 -> 0.23524065
A9: =+'Inflación BE'!A38 -> 46030 | B9: =+VLOOKUP(A9,'Inflación BE'!A:G,7) -> 0.024142547 | C9: =+VLOOKUP(A9,'Inflación BE'!A:G,7) -> 0.024142547 | D9: =+VLOOKUP(A9,'Inflación BE'!A:S,19) -> 0.021867602 | E9: =+D9 -> 0.021867602 | F9: =+((((1+VLOOKUP(A9,'Inflación BE'!A:K,11))^3)/((1+E9)^2))^(1/1))-1 -> 0.019856697 | G9: =+((((1+VLOOKUP(A9,'Inflación BE'!A:O,15))^7)/((1+VLOOKUP(A9,'Inflación BE'!A:K,11))^3))^(1/4))-1 -> 0.016787445 | H9: =+G9 -> 0.016787445 | I9: =+H9 -> 0.016787445 | J9: =+I9 -> 0.016787445 | K9: =+((((1+VLOOKUP(A9,'Inflación BE'!A:W,23))^12)/((1+VLOOKUP(A9,'Inflación BE'!A:O,15))^7))^(1/5))-1 -> 0.014758185 | L9: =+K9 -> 0.014758185 | M9: =+L9 -> 0.014758185 | N9: =+M9 -> 0.014758185 | O9: =+N9 -> 0.014758185 | P9: =+((1+C9)*(1+D9)*(1+E9)*(1+F9)*(1+G9)*(1+H9)*(1+I9)*(1+J9)*(1+K9)*(1+L9)*(1+M9)*(1+N9))-1 -> 0.23611756
A10: =+'Inflación BE'!A39 -> 46031 | B10: =+VLOOKUP(A10,'Inflación BE'!A:G,7) -> 0.02579064 | C10: =+VLOOKUP(A10,'Inflación BE'!A:G,7) -> 0.02579064 | D10: =+VLOOKUP(A10,'Inflación BE'!A:S,19) -> 0.023017329 | E10: =+D10 -> 0.023017329 | F10: =+((((1+VLOOKUP(A10,'Inflación BE'!A:K,11))^3)/((1+E10)^2))^(1/1))-1 -> 0.021855221 | G10: =+((((1+VLOOKUP(A10,'Inflación BE'!A:O,15))^7)/((1+VLOOKUP(A10,'Inflación BE'!A:K,11))^3))^(1/4))-1 -> 0.017096639 | H10: =+G10 -> 0.017096639 | I10: =+H10 -> 0.017096639 | J10: =+I10 -> 0.017096639 | K10: =+((((1+VLOOKUP(A10,'Inflación BE'!A:W,23))^12)/((1+VLOOKUP(A10,'Inflación BE'!A:O,15))^7))^(1/5))-1 -> 0.014501101 | L10: =+K10 -> 0.014501101 | M10: =+L10 -> 0.014501101 | N10: =+M10 -> 0.014501101 | O10: =+N10 -> 0.014501101 | P10: =+((1+C10)*(1+D10)*(1+E10)*(1+F10)*(1+G10)*(1+H10)*(1+I10)*(1+J10)*(1+K10)*(1+L10)*(1+M10)*(1+N10))-1 -> 0.24357805
A11: =+'Inflación BE'!A40 -> 46034 | B11: =+VLOOKUP(A11,'Inflación BE'!A:G,7) -> 0.024642366 | C11: =+VLOOKUP(A11,'Inflación BE'!A:G,7) -> 0.024642366 | D11: =+VLOOKUP(A11,'Inflación BE'!A:S,19) -> 0.022681467 | E11: =+D11 -> 0.022681467 | F11: =+((((1+VLOOKUP(A11,'Inflación BE'!A:K,11))^3)/((1+E11)^2))^(1/1))-1 -> 0.02333605 | G11: =+((((1+VLOOKUP(A11,'Inflación BE'!A:O,15))^7)/((1+VLOOKUP(A11,'Inflación BE'!A:K,11))^3))^(1/4))-1 -> 0.016177031 | H11: =+G11 -> 0.016177031 | I11: =+H11 -> 0.016177031 | J11: =+I11 -> 0.016177031 | K11: =+((((1+VLOOKUP(A11,'Inflación BE'!A:W,23))^12)/((1+VLOOKUP(A11,'Inflación BE'!A:O,15))^7))^(1/5))-1 -> 0.015392901 | L11: =+K11 -> 0.015392901 | M11: =+L11 -> 0.015392901 | N11: =+M11 -> 0.015392901 | O11: =+N11 -> 0.015392901 | P11: =+((1+C11)*(1+D11)*(1+E11)*(1+F11)*(1+G11)*(1+H11)*(1+I11)*(1+J11)*(1+K11)*(1+L11)*(1+M11)*(1+N11))-1 -> 0.24304068
A12: =+'Inflación BE'!A41 -> 46035 | B12: =+VLOOKUP(A12,'Inflación BE'!A:G,7) -> 0.026298031 | C12: =+VLOOKUP(A12,'Inflación BE'!A:G,7) -> 0.026298031 | D12: =+VLOOKUP(A12,'Inflación BE'!A:S,19) -> 0.023738212 | E12: =+D12 -> 0.023738212 | F12: =+((((1+VLOOKUP(A12,'Inflación BE'!A:K,11))^3)/((1+E12)^2))^(1/1))-1 -> 0.021819665 | G12: =+((((1+VLOOKUP(A12,'Inflación BE'!A:O,15))^7)/((1+VLOOKUP(A12,'Inflación BE'!A:K,11))^3))^(1/4))-1 -> 0.016637618 | H12: =+G12 -> 0.016637618 | I12: =+H12 -> 0.016637618 | J12: =+I12 -> 0.016637618 | K12: =+((((1+VLOOKUP(A12,'Inflación BE'!A:W,23))^12)/((1+VLOOKUP(A12,'Inflación BE'!A:O,15))^7))^(1/5))-1 -> 0.01548388 | L12: =+K12 -> 0.01548388 | M12: =+L12 -> 0.01548388 | N12: =+M12 -> 0.01548388 | O12: =+N12 -> 0.01548388 | P12: =+((1+C12)*(1+D12)*(1+E12)*(1+F12)*(1+G12)*(1+H12)*(1+I12)*(1+J12)*(1+K12)*(1+L12)*(1+M12)*(1+N12))-1 -> 0.24848237
A13: =+'Inflación BE'!A42 -> 46036 | B13: =+VLOOKUP(A13,'Inflación BE'!A:G,7) -> 0.026455226 | C13: =+VLOOKUP(A13,'Inflación BE'!A:G,7) -> 0.026455226 | D13: =+VLOOKUP(A13,'Inflación BE'!A:S,19) -> 0.023751366 | E13: =+D13 -> 0.023751366 | F13: =+((((1+VLOOKUP(A13,'Inflación BE'!A:K,11))^3)/((1+E13)^2))^(1/1))-1 -> 0.02108496 | G13: =+((((1+VLOOKUP(A13,'Inflación BE'!A:O,15))^7)/((1+VLOOKUP(A13,'Inflación BE'!A:K,11))^3))^(1/4))-1 -> 0.016667677 | H13: =+G13 -> 0.016667677 | I13: =+H13 -> 0.016667677 | J13: =+I13 -> 0.016667677 | K13: =+((((1+VLOOKUP(A13,'Inflación BE'!A:W,23))^12)/((1+VLOOKUP(A13,'Inflación BE'!A:O,15))^7))^(1/5))-1 -> 0.015333436 | L13: =+K13 -> 0.015333436 | M13: =+L13 -> 0.015333436 | N13: =+M13 -> 0.015333436 | O13: =+N13 -> 0.015333436 | P13: =+((1+C13)*(1+D13)*(1+E13)*(1+F13)*(1+G13)*(1+H13)*(1+I13)*(1+J13)*(1+K13)*(1+L13)*(1+M13)*(1+N13))-1 -> 0.24721606
... A18: =+'Inflación BE'!A47 -> 46043 | B18: =+VLOOKUP(A18,'Inflación BE'!A:G,7) -> 0.019866714 | C18: =+VLOOKUP(A18,'Inflación BE'!A:G,7) -> 0.019866714 | D18: =+VLOOKUP(A18,'Inflación BE'!A:S,19) -> 0.021099053 | E18: =+D18 -> 0.021099053 | F18: =+((((1+VLOOKUP(A18,'Inflación BE'!A:K,11))^3)/((1+E18)^2))^(1/1))-1 -> 0.019617828 | G18: =+((((1+VLOOKUP(A18,'Inflación BE'!A:O,15))^7)/((1+VLOOKUP(A18,'Inflación BE'!A:K,11))^3))^(1/4))-1 -> 0.015734208 | H18: =+G18 -> 0.015734208 | I18: =+H18 -> 0.015734208 | J18: =+I18 -> 0.015734208 | K18: =+((((1+VLOOKUP(A18,'Inflación BE'!A:W,23))^12)/((1+VLOOKUP(A18,'Inflación BE'!A:O,15))^7))^(1/5))-1 -> 0.01324709 | L18: =+K18 -> 0.01324709 | M18: =+L18 -> 0.01324709 | N18: =+M18 -> 0.01324709 | O18: =+N18 -> 0.01324709 | P18: =+((1+C18)*(1+D18)*(1+E18)*(1+F18)*(1+G18)*(1+H18)*(1+I18)*(1+J18)*(1+K18)*(1+L18)*(1+M18)*(1+N18))-1 -> 0.21646148
A19: =+'Inflación BE'!A48 -> 46044 | B19: 0.028452719 | C19: =+VLOOKUP(A19,'Inflación BE'!A:G,7) -> 0.019473233 | D19: =+VLOOKUP(A19,'Inflación BE'!A:S,19) -> 0.020241032 | E19: =+D19 -> 0.020241032 | F19: =+((((1+VLOOKUP(A19,'Inflación BE'!A:K,11))^3)/((1+E19)^2))^(1/1))-1 -> 0.021412175 | G19: =+((((1+VLOOKUP(A19,'Inflación BE'!A:O,15))^7)/((1+VLOOKUP(A19,'Inflación BE'!A:K,11))^3))^(1/4))-1 -> 0.016704103 | H19: =+G19 -> 0.016704103 | I19: =+H19 -> 0.016704103 | J19: =+I19 -> 0.016704103 | K19: =+((((1+VLOOKUP(A19,'Inflación BE'!A:W,23))^12)/((1+VLOOKUP(A19,'Inflación BE'!A:O,15))^7))^(1/5))-1 -> 0.013094025 | L19: =+K19 -> 0.013094025 | M19: =+L19 -> 0.013094025 | N19: =+M19 -> 0.013094025 | O19: =+N19 -> 0.013094025 | P19: =+((1+C19)*(1+D19)*(1+E19)*(1+F19)*(1+G19)*(1+H19)*(1+I19)*(1+J19)*(1+K19)*(1+L19)*(1+M19)*(1+N19))-1 -> 0.21999977
A20: =+'Inflación BE'!A49 -> 46045 | B20: 0.028452719 | C20: =+VLOOKUP(A20,'Inflación BE'!A:G,7) -> 0.023485758 | D20: =+VLOOKUP(A20,'Inflación BE'!A:S,19) -> 0.021254149 | E20: =+D20 -> 0.021254149 | F20: =+((((1+VLOOKUP(A20,'Inflación BE'!A:K,11))^3)/((1+E20)^2))^(1/1))-1 -> 0.021004562 | G20: =+((((1+VLOOKUP(A20,'Inflación BE'!A:O,15))^7)/((1+VLOOKUP(A20,'Inflación BE'!A:K,11))^3))^(1/4))-1 -> 0.016019358 | H20: =+G20 -> 0.016019358 | I20: =+H20 -> 0.016019358 | J20: =+I20 -> 0.016019358 | K20: =+((((1+VLOOKUP(A20,'Inflación BE'!A:W,23))^12)/((1+VLOOKUP(A20,'Inflación BE'!A:O,15))^7))^(1/5))-1 -> 0.013005756 | L20: =+K20 -> 0.013005756 | M20: =+L20 -> 0.013005756 | N20: =+M20 -> 0.013005756 | O20: =+N20 -> 0.013005756 | P20: =+((1+C20)*(1+D20)*(1+E20)*(1+F20)*(1+G20)*(1+H20)*(1+I20)*(1+J20)*(1+K20)*(1+L20)*(1+M20)*(1+N20))-1 -> 0.22301769
A21: =+'Inflación BE'!A50 -> 46048 | B21: 0.028452719 | C21: =+VLOOKUP(A21,'Inflación BE'!A:G,7) -> 0.022963372 | D21: =+VLOOKUP(A21,'Inflación BE'!A:S,19) -> 0.02135251 | E21: =+D21 -> 0.02135251 | F21: =+((((1+VLOOKUP(A21,'Inflación BE'!A:K,11))^3)/((1+E21)^2))^(1/1))-1 -> 0.021202007 | G21: =+((((1+VLOOKUP(A21,'Inflación BE'!A:O,15))^7)/((1+VLOOKUP(A21,'Inflación BE'!A:K,11))^3))^(1/4))-1 -> 0.015622956 | H21: =+G21 -> 0.015622956 | I21: =+H21 -> 0.015622956 | J21: =+I21 -> 0.015622956 | K21: =+((((1+VLOOKUP(A21,'Inflación BE'!A:W,23))^12)/((1+VLOOKUP(A21,'Inflación BE'!A:O,15))^7))^(1/5))-1 -> 0.013406808 | L21: =+K21 -> 0.013406808 | M21: =+L21 -> 0.013406808 | N21: =+M21 -> 0.013406808 | O21: =+N21 -> 0.013406808 | P21: =+((1+C21)*(1+D21)*(1+E21)*(1+F21)*(1+G21)*(1+H21)*(1+I21)*(1+J21)*(1+K21)*(1+L21)*(1+M21)*(1+N21))-1 -> 0.22289275
A22: =+'Inflación BE'!A51 -> 46049 | B22: 0.028452719 | C22: =+VLOOKUP(A22,'Inflación BE'!A:G,7) -> 0.023326798 | D22: =+VLOOKUP(A22,'Inflación BE'!A:S,19) -> 0.02028828 | E22: =+D22 -> 0.02028828 | F22: =+((((1+VLOOKUP(A22,'Inflación BE'!A:K,11))^3)/((1+E22)^2))^(1/1))-1 -> 0.022086286 | G22: =+((((1+VLOOKUP(A22,'Inflación BE'!A:O,15))^7)/((1+VLOOKUP(A22,'Inflación BE'!A:K,11))^3))^(1/4))-1 -> 0.016346972 | H22: =+G22 -> 0.016346972 | I22: =+H22 -> 0.016346972 | J22: =+I22 -> 0.016346972 | K22: =+((((1+VLOOKUP(A22,'Inflación BE'!A:W,23))^12)/((1+VLOOKUP(A22,'Inflación BE'!A:O,15))^7))^(1/5))-1 -> 0.012370238 | L22: =+K22 -> 0.012370238 | M22: =+L22 -> 0.012370238 | N22: =+M22 -> 0.012370238 | O22: =+N22 -> 0.012370238 | P22: =+((1+C22)*(1+D22)*(1+E22)*(1+F22)*(1+G22)*(1+H22)*(1+I22)*(1+J22)*(1+K22)*(1+L22)*(1+M22)*(1+N22))-1 -> 0.22031844
A23: =+'Inflación BE'!A52 -> 46050 | B23: 0.028452719 | C23: =+VLOOKUP(A23,'Inflación BE'!A:G,7) -> 0.023575723 | D23: =+VLOOKUP(A23,'Inflación BE'!A:S,19) -> 0.018965761 | E23: =+D23 -> 0.018965761 | F23: =+((((1+VLOOKUP(A23,'Inflación BE'!A:K,11))^3)/((1+E23)^2))^(1/1))-1 -> 0.025044526 | G23: =+((((1+VLOOKUP(A23,'Inflación BE'!A:O,15))^7)/((1+VLOOKUP(A23,'Inflación BE'!A:K,11))^3))^(1/4))-1 -> 0.01533744 | H23: =+G23 -> 0.01533744 | I23: =+H23 -> 0.01533744 | J23: =+I23 -> 0.01533744 | K23: =+((((1+VLOOKUP(A23,'Inflación BE'!A:W,23))^12)/((1+VLOOKUP(A23,'Inflación BE'!A:O,15))^7))^(1/5))-1 -> 0.012988364 | L23: =+K23 -> 0.012988364 | M23: =+L23 -> 0.012988364 | N23: =+M23 -> 0.012988364 | O23: =+N23 -> 0.012988364 | P23: =+((1+C23)*(1+D23)*(1+E23)*(1+F23)*(1+G23)*(1+H23)*(1+I23)*(1+J23)*(1+K23)*(1+L23)*(1+M23)*(1+N23))-1 -> 0.21910559
A24: =+'Inflación BE'!A53 -> 46051 | B24: 0.028452719 | C24: =+VLOOKUP(A24,'Inflación BE'!A:G,7) -> 0.023465328 | D24: =+VLOOKUP(A24,'Inflación BE'!A:S,19) -> 0.020390806 | E24: =+D24 -> 0.020390806 | F24: =+((((1+VLOOKUP(A24,'Inflación BE'!A:K,11))^3)/((1+E24)^2))^(1/1))-1 -> 0.019315437 | G24: =+((((1+VLOOKUP(A24,'Inflación BE'!A:O,15))^7)/((1+VLOOKUP(A24,'Inflación BE'!A:K,11))^3))^(1/4))-1 -> 0.015817118 | H24: =+G24 -> 0.015817118 | I24: =+H24 -> 0.015817118 | J24: =+I24 -> 0.015817118 | K24: =+((((1+VLOOKUP(A24,'Inflación BE'!A:W,23))^12)/((1+VLOOKUP(A24,'Inflación BE'!A:O,15))^7))^(1/5))-1 -> 0.013231861 | L24: =+K24 -> 0.013231861 | M24: =+L24 -> 0.013231861 | N24: =+M24 -> 0.013231861 | O24: =+N24 -> 0.013231861 | P24: =+((1+C24)*(1+D24)*(1+E24)*(1+F24)*(1+G24)*(1+H24)*(1+I24)*(1+J24)*(1+K24)*(1+L24)*(1+M24)*(1+N24))-1 -> 0.21902403
A25: =+'Inflación BE'!A54 -> 46052 | B25: 0.028452719 | C25: =+VLOOKUP(A25,'Inflación BE'!A:G,7) -> 0.026316358 | D25: =+VLOOKUP(A25,'Inflación BE'!A:S,19) -> 0.020639232 | E25: =+D25 -> 0.020639232 | F25: =+((((1+VLOOKUP(A25,'Inflación BE'!A:K,11))^3)/((1+E25)^2))^(1/1))-1 -> 0.019297539 | G25: =+((((1+VLOOKUP(A25,'Inflación BE'!A:O,15))^7)/((1+VLOOKUP(A25,'Inflación BE'!A:K,11))^3))^(1/4))-1 -> 0.015444846 | H25: =+G25 -> 0.015444846 | I25: =+H25 -> 0.015444846 | J25: =+I25 -> 0.015444846 | K25: =+((((1+VLOOKUP(A25,'Inflación BE'!A:W,23))^12)/((1+VLOOKUP(A25,'Inflación BE'!A:O,15))^7))^(1/5))-1 -> 0.013534091 | L25: =+K25 -> 0.013534091 | M25: =+L25 -> 0.013534091 | N25: =+M25 -> 0.013534091 | O25: =+N25 -> 0.013534091 | P25: =+((1+C25)*(1+D25)*(1+E25)*(1+F25)*(1+G25)*(1+H25)*(1+I25)*(1+J25)*(1+K25)*(1+L25)*(1+M25)*(1+N25))-1 -> 0.22265955
A26: =+'Inflación BE'!A55 -> 46055 | B26: 0.028452719 | C26: =+VLOOKUP(A26,'Inflación BE'!A:G,7) -> 0.025344712 | D26: =+VLOOKUP(A26,'Inflación BE'!A:S,19) -> 0.019841239 | E26: =+D26 -> 0.019841239 | F26: =+((((1+VLOOKUP(A26,'Inflación BE'!A:K,11))^3)/((1+E26)^2))^(1/1))-1 -> 0.020553006 | G26: =+((((1+VLOOKUP(A26,'Inflación BE'!A:O,15))^7)/((1+VLOOKUP(A26,'Inflación BE'!A:K,11))^3))^(1/4))-1 -> 0.014981326 | H26: =+G26 -> 0.014981326 | I26: =+H26 -> 0.014981326 | J26: =+I26 -> 0.014981326 | K26: =+((((1+VLOOKUP(A26,'Inflación BE'!A:W,23))^12)/((1+VLOOKUP(A26,'Inflación BE'!A:O,15))^7))^(1/5))-1 -> 0.013956989 | L26: =+K26 -> 0.013956989 | M26: =+L26 -> 0.013956989 | N26: =+M26 -> 0.013956989 | O26: =+N26 -> 0.013956989 | P26: =+((1+C26)*(1+D26)*(1+E26)*(1+F26)*(1+G26)*(1+H26)*(1+I26)*(1+J26)*(1+K26)*(1+L26)*(1+M26)*(1+N26))-1 -> 0.22090238
A27: =+'Inflación BE'!A56 -> 46056 | B27: 0.028452719 | C27: =+VLOOKUP(A27,'Inflación BE'!A:G,7) -> 0.024969362 | D27: =+VLOOKUP(A27,'Inflación BE'!A:S,19) -> 0.021806769 | E27: =+D27 -> 0.021806769 | F27: =+((((1+VLOOKUP(A27,'Inflación BE'!A:K,11))^3)/((1+E27)^2))^(1/1))-1 -> 0.018291567 | G27: =+((((1+VLOOKUP(A27,'Inflación BE'!A:O,15))^7)/((1+VLOOKUP(A27,'Inflación BE'!A:K,11))^3))^(1/4))-1 -> 0.015917933 | H27: =+G27 -> 0.015917933 | I27: =+H27 -> 0.015917933 | J27: =+I27 -> 0.015917933 | K27: =+((((1+VLOOKUP(A27,'Inflación BE'!A:W,23))^12)/((1+VLOOKUP(A27,'Inflación BE'!A:O,15))^7))^(1/5))-1 -> 0.01302176 | L27: =+K27 -> 0.01302176 | M27: =+L27 -> 0.01302176 | N27: =+M27 -> 0.01302176 | O27: =+N27 -> 0.01302176 | P27: =+((1+C27)*(1+D27)*(1+E27)*(1+F27)*(1+G27)*(1+H27)*(1+I27)*(1+J27)*(1+K27)*(1+L27)*(1+M27)*(1+N27))-1 -> 0.22244741
A28: =+'Inflación BE'!A57 -> 46057 | B28: 0.028452719 | C28: =+VLOOKUP(A28,'Inflación BE'!A:G,7) -> 0.02543152 | D28: =+VLOOKUP(A28,'Inflación BE'!A:S,19) -> 0.021265287 | E28: =+D28 -> 0.021265287 | F28: =+((((1+VLOOKUP(A28,'Inflación BE'!A:K,11))^3)/((1+E28)^2))^(1/1))-1 -> 0.020741221 | G28: =+((((1+VLOOKUP(A28,'Inflación BE'!A:O,15))^7)/((1+VLOOKUP(A28,'Inflación BE'!A:K,11))^3))^(1/4))-1 -> 0.01667381 | H28: =+G28 -> 0.01667381 | I28: =+H28 -> 0.01667381 | J28: =+I28 -> 0.01667381 | K28: =+((((1+VLOOKUP(A28,'Inflación BE'!A:W,23))^12)/((1+VLOOKUP(A28,'Inflación BE'!A:O,15))^7))^(1/5))-1 -> 0.012985997 | L28: =+K28 -> 0.012985997 | M28: =+L28 -> 0.012985997 | N28: =+M28 -> 0.012985997 | O28: =+N28 -> 0.012985997 | P28: =+((1+C28)*(1+D28)*(1+E28)*(1+F28)*(1+G28)*(1+H28)*(1+I28)*(1+J28)*(1+K28)*(1+L28)*(1+M28)*(1+N28))-1 -> 0.22811707
A29: =+'Inflación BE'!A58 -> 46058 | B29: 0.028452719 | C29: =+VLOOKUP(A29,'Inflación BE'!A:G,7) -> 0.025848458 | D29: =+VLOOKUP(A29,'Inflación BE'!A:S,19) -> 0.022859723 | E29: =+D29 -> 0.022859723 | F29: =+((((1+VLOOKUP(A29,'Inflación BE'!A:K,11))^3)/((1+E29)^2))^(1/1))-1 -> 0.022705364 | G29: =+((((1+VLOOKUP(A29,'Inflación BE'!A:O,15))^7)/((1+VLOOKUP(A29,'Inflación BE'!A:K,11))^3))^(1/4))-1 -> 0.01648298 | H29: =+G29 -> 0.01648298 | I29: =+H29 -> 0.01648298 | J29: =+I29 -> 0.01648298 | K29: =+((((1+VLOOKUP(A29,'Inflación BE'!A:W,23))^12)/((1+VLOOKUP(A29,'Inflación BE'!A:O,15))^7))^(1/5))-1 -> 0.013774033 | L29: =+K29 -> 0.013774033 | M29: =+L29 -> 0.013774033 | N29: =+M29 -> 0.013774033 | O29: =+N29 -> 0.013774033 | P29: =+((1+C29)*(1+D29)*(1+E29)*(1+F29)*(1+G29)*(1+H29)*(1+I29)*(1+J29)*(1+K29)*(1+L29)*(1+M29)*(1+N29))-1 -> 0.23774447
A30: =+'Inflación BE'!A59 -> 46059 | B30: 0.028452719 | C30: =+VLOOKUP(A30,'Inflación BE'!A:G,7) -> 0.02734239 | D30: =+VLOOKUP(A30,'Inflación BE'!A:S,19) -> 0.023602861 | E30: =+D30 -> 0.023602861 | F30: =+((((1+VLOOKUP(A30,'Inflación BE'!A:K,11))^3)/((1+E30)^2))^(1/1))-1 -> 0.022576267 | G30: =+((((1+VLOOKUP(A30,'Inflación BE'!A:O,15))^7)/((1+VLOOKUP(A30,'Inflación BE'!A:K,11))^3))^(1/4))-1 -> 0.017362683 | H30: =+G30 -> 0.017362683 | I30: =+H30 -> 0.017362683 | J30: =+I30 -> 0.017362683 | K30: =+((((1+VLOOKUP(A30,'Inflación BE'!A:W,23))^12)/((1+VLOOKUP(A30,'Inflación BE'!A:O,15))^7))^(1/5))-1 -> 0.012949121 | L30: =+K30 -> 0.012949121 | M30: =+L30 -> 0.012949121 | N30: =+M30 -> 0.012949121 | O30: =+N30 -> 0.012949121 | P30: =+((1+C30)*(1+D30)*(1+E30)*(1+F30)*(1+G30)*(1+H30)*(1+I30)*(1+J30)*(1+K30)*(1+L30)*(1+M30)*(1+N30))-1 -> 0.24144545
... A32: =+'Inflación BE'!A61 -> 46063 | B32: 0.028452719 | C32: =+VLOOKUP(A32,'Inflación BE'!A:G,7) -> 0.030218127 | D32: =+VLOOKUP(A32,'Inflación BE'!A:S,19) -> 0.024180328 | E32: =+D32 -> 0.024180328 | F32: =+((((1+VLOOKUP(A32,'Inflación BE'!A:K,11))^3)/((1+E32)^2))^(1/1))-1 -> 0.023070151 | G32: =+((((1+VLOOKUP(A32,'Inflación BE'!A:O,15))^7)/((1+VLOOKUP(A32,'Inflación BE'!A:K,11))^3))^(1/4))-1 -> 0.018102814 | H32: =+G32 -> 0.018102814 | I32: =+H32 -> 0.018102814 | J32: =+I32 -> 0.018102814 | K32: =+((((1+VLOOKUP(A32,'Inflación BE'!A:W,23))^12)/((1+VLOOKUP(A32,'Inflación BE'!A:O,15))^7))^(1/5))-1 -> 0.012064886 | L32: =+K32 -> 0.012064886 | M32: =+L32 -> 0.012064886 | N32: =+M32 -> 0.012064886 | O32: =+N32 -> 0.012064886 | P32: =+((1+C32)*(1+D32)*(1+E32)*(1+F32)*(1+G32)*(1+H32)*(1+I32)*(1+J32)*(1+K32)*(1+L32)*(1+M32)*(1+N32))-1 -> 0.24619912
A33: =+'Inflación BE'!A62 -> 46064 | B33: 0.028452719 | C33: 0.028816194 | D33: =+VLOOKUP(A33,'Inflación BE'!A:S,19) -> 0.024063761 | E33: =+D33 -> 0.024063761 | F33: =+((((1+VLOOKUP(A33,'Inflación BE'!A:K,11))^3)/((1+E33)^2))^(1/1))-1 -> 0.02402409 | G33: =+((((1+VLOOKUP(A33,'Inflación BE'!A:O,15))^7)/((1+VLOOKUP(A33,'Inflación BE'!A:K,11))^3))^(1/4))-1 -> 0.016515431 | H33: =+G33 -> 0.016515431 | I33: =+H33 -> 0.016515431 | J33: =+I33 -> 0.016515431 | K33: =+((((1+VLOOKUP(A33,'Inflación BE'!A:W,23))^12)/((1+VLOOKUP(A33,'Inflación BE'!A:O,15))^7))^(1/5))-1 -> 0.013244783 | L33: =+K33 -> 0.013244783 | M33: =+L33 -> 0.013244783 | N33: =+M33 -> 0.013244783 | O33: =+N33 -> 0.013244783 | P33: =+((1+C33)*(1+D33)*(1+E33)*(1+F33)*(1+G33)*(1+H33)*(1+I33)*(1+J33)*(1+K33)*(1+L33)*(1+M33)*(1+N33))-1 -> 0.2434129
A34: =+'Inflación BE'!A63 -> 46065 | B34: 0.028452719 | C34: 0.028816194 | D34: =+VLOOKUP(A34,'Inflación BE'!A:S,19) -> 0.022255101 | E34: =+D34 -> 0.022255101 | F34: =+((((1+VLOOKUP(A34,'Inflación BE'!A:K,11))^3)/((1+E34)^2))^(1/1))-1 -> 0.019194274 | G34: =+((((1+VLOOKUP(A34,'Inflación BE'!A:O,15))^7)/((1+VLOOKUP(A34,'Inflación BE'!A:K,11))^3))^(1/4))-1 -> 0.016585919 | H34: =+G34 -> 0.016585919 | I34: =+H34 -> 0.016585919 | J34: =+I34 -> 0.016585919 | K34: =+((((1+VLOOKUP(A34,'Inflación BE'!A:W,23))^12)/((1+VLOOKUP(A34,'Inflación BE'!A:O,15))^7))^(1/5))-1 -> 0.012369392 | L34: =+K34 -> 0.012369392 | M34: =+L34 -> 0.012369392 | N34: =+M34 -> 0.012369392 | O34: =+N34 -> 0.012369392 | P34: =+((1+C34)*(1+D34)*(1+E34)*(1+F34)*(1+G34)*(1+H34)*(1+I34)*(1+J34)*(1+K34)*(1+L34)*(1+M34)*(1+N34))-1 -> 0.22926558
A35: =+'Inflación BE'!A64 -> 46066 | B35: 0.028452719 | C35: 0.028816194 | D35: =+VLOOKUP(A35,'Inflación BE'!A:S,19) -> 0.023606379 | E35: =+D35 -> 0.023606379 | F35: =+((((1+VLOOKUP(A35,'Inflación BE'!A:K,11))^3)/((1+E35)^2))^(1/1))-1 -> 0.018060653 | G35: =+((((1+VLOOKUP(A35,'Inflación BE'!A:O,15))^7)/((1+VLOOKUP(A35,'Inflación BE'!A:K,11))^3))^(1/4))-1 -> 0.015035351 | H35: =+G35 -> 0.015035351 | I35: =+H35 -> 0.015035351 | J35: =+I35 -> 0.015035351 | K35: =+((((1+VLOOKUP(A35,'Inflación BE'!A:W,23))^12)/((1+VLOOKUP(A35,'Inflación BE'!A:O,15))^7))^(1/5))-1 -> 0.014368129 | L35: =+K35 -> 0.014368129 | M35: =+L35 -> 0.014368129 | N35: =+M35 -> 0.014368129 | O35: =+N35 -> 0.014368129 | P35: =+((1+C35)*(1+D35)*(1+E35)*(1+F35)*(1+G35)*(1+H35)*(1+I35)*(1+J35)*(1+K35)*(1+L35)*(1+M35)*(1+N35))-1 -> 0.23334468
A36: =+'Inflación BE'!A65 -> 46071 | B36: 0.028452719 | C36: 0.028816194 | D36: =+VLOOKUP(A36,'Inflación BE'!A:S,19) -> 0.023155446 | E36: =+D36 -> 0.023155446 | F36: =+((((1+VLOOKUP(A36,'Inflación BE'!A:K,11))^3)/((1+E36)^2))^(1/1))-1 -> 0.016572586 | G36: =+((((1+VLOOKUP(A36,'Inflación BE'!A:O,15))^7)/((1+VLOOKUP(A36,'Inflación BE'!A:K,11))^3))^(1/4))-1 -> 0.01551014 | H36: =+G36 -> 0.01551014 | I36: =+H36 -> 0.01551014 | J36: =+I36 -> 0.01551014 | K36: =+((((1+VLOOKUP(A36,'Inflación BE'!A:W,23))^12)/((1+VLOOKUP(A36,'Inflación BE'!A:O,15))^7))^(1/5))-1 -> 0.014267754 | L36: =+K36 -> 0.014267754 | M36: =+L36 -> 0.014267754 | N36: =+M36 -> 0.014267754 | O36: =+N36 -> 0.014267754 | P36: =+((1+C36)*(1+D36)*(1+E36)*(1+F36)*(1+G36)*(1+H36)*(1+I36)*(1+J36)*(1+K36)*(1+L36)*(1+M36)*(1+N36))-1 -> 0.23227307
A37: =+'Inflación BE'!A66 -> 46072 | B37: 0.028452719 | C37: 0.028816194 | D37: =+VLOOKUP(A37,'Inflación BE'!A:S,19) -> 0.023155484 | E37: =+D37 -> 0.023155484 | F37: =+((((1+VLOOKUP(A37,'Inflación BE'!A:K,11))^3)/((1+E37)^2))^(1/1))-1 -> 0.020917863 | G37: =+((((1+VLOOKUP(A37,'Inflación BE'!A:O,15))^7)/((1+VLOOKUP(A37,'Inflación BE'!A:K,11))^3))^(1/4))-1 -> 0.014070474 | H37: =+G37 -> 0.014070474 | I37: =+H37 -> 0.014070474 | J37: =+I37 -> 0.014070474 | K37: =+((((1+VLOOKUP(A37,'Inflación BE'!A:W,23))^12)/((1+VLOOKUP(A37,'Inflación BE'!A:O,15))^7))^(1/5))-1 -> 0.014986273 | L37: =+K37 -> 0.014986273 | M37: =+L37 -> 0.014986273 | N37: =+M37 -> 0.014986273 | O37: =+N37 -> 0.014986273 | P37: =+((1+C37)*(1+D37)*(1+E37)*(1+F37)*(1+G37)*(1+H37)*(1+I37)*(1+J37)*(1+K37)*(1+L37)*(1+M37)*(1+N37))-1 -> 0.23402822
A38: =+'Inflación BE'!A67 -> 46073 | B38: 0.028452719 | C38: 0.028816194 | D38: =+VLOOKUP(A38,'Inflación BE'!A:S,19) -> 0.023785638 | E38: =+D38 -> 0.023785638 | F38: =+((((1+VLOOKUP(A38,'Inflación BE'!A:K,11))^3)/((1+E38)^2))^(1/1))-1 -> 0.019100154 | G38: =+((((1+VLOOKUP(A38,'Inflación BE'!A:O,15))^7)/((1+VLOOKUP(A38,'Inflación BE'!A:K,11))^3))^(1/4))-1 -> 0.013027273 | H38: =+G38 -> 0.013027273 | I38: =+H38 -> 0.013027273 | J38: =+I38 -> 0.013027273 | K38: =+((((1+VLOOKUP(A38,'Inflación BE'!A:W,23))^12)/((1+VLOOKUP(A38,'Inflación BE'!A:O,15))^7))^(1/5))-1 -> 0.015910306 | L38: =+K38 -> 0.015910306 | M38: =+L38 -> 0.015910306 | N38: =+M38 -> 0.015910306 | O38: =+N38 -> 0.015910306 | P38: =+((1+C38)*(1+D38)*(1+E38)*(1+F38)*(1+G38)*(1+H38)*(1+I38)*(1+J38)*(1+K38)*(1+L38)*(1+M38)*(1+N38))-1 -> 0.23276058
A39: =+'Inflación BE'!A68 -> 46076 | B39: 0.028452719 | C39: 0.028816194 | D39: =+VLOOKUP(A39,'Inflación BE'!A:S,19) -> 0.022901809 | E39: =+D39 -> 0.022901809 | F39: =+((((1+VLOOKUP(A39,'Inflación BE'!A:K,11))^3)/((1+E39)^2))^(1/1))-1 -> 0.01899769 | G39: =+((((1+VLOOKUP(A39,'Inflación BE'!A:O,15))^7)/((1+VLOOKUP(A39,'Inflación BE'!A:K,11))^3))^(1/4))-1 -> 0.014083549 | H39: =+G39 -> 0.014083549 | I39: =+H39 -> 0.014083549 | J39: =+I39 -> 0.014083549 | K39: =+((((1+VLOOKUP(A39,'Inflación BE'!A:W,23))^12)/((1+VLOOKUP(A39,'Inflación BE'!A:O,15))^7))^(1/5))-1 -> 0.014792535 | L39: =+K39 -> 0.014792535 | M39: =+L39 -> 0.014792535 | N39: =+M39 -> 0.014792535 | O39: =+N39 -> 0.014792535 | P39: =+((1+C39)*(1+D39)*(1+E39)*(1+F39)*(1+G39)*(1+H39)*(1+I39)*(1+J39)*(1+K39)*(1+L39)*(1+M39)*(1+N39))-1 -> 0.2302203
A40: =+'Inflación BE'!A69 -> 46077 | B40: 0.028452719 | C40: 0.028816194 | D40: =+VLOOKUP(A40,'Inflación BE'!A:S,19) -> 0.021271044 | E40: =+D40 -> 0.021271044 | F40: =+((((1+VLOOKUP(A40,'Inflación BE'!A:K,11))^3)/((1+E40)^2))^(1/1))-1 -> 0.019407705 | G40: =+((((1+VLOOKUP(A40,'Inflación BE'!A:O,15))^7)/((1+VLOOKUP(A40,'Inflación BE'!A:K,11))^3))^(1/4))-1 -> 0.014284863 | H40: =+G40 -> 0.014284863 | I40: =+H40 -> 0.014284863 | J40: =+I40 -> 0.014284863 | K40: =+((((1+VLOOKUP(A40,'Inflación BE'!A:W,23))^12)/((1+VLOOKUP(A40,'Inflación BE'!A:O,15))^7))^(1/5))-1 -> 0.013693457 | L40: =+K40 -> 0.013693457 | M40: =+L40 -> 0.013693457 | N40: =+M40 -> 0.013693457 | O40: =+N40 -> 0.013693457 | P40: =+((1+C40)*(1+D40)*(1+E40)*(1+F40)*(1+G40)*(1+H40)*(1+I40)*(1+J40)*(1+K40)*(1+L40)*(1+M40)*(1+N40))-1 -> 0.22245841
A41: =+'Inflación BE'!A70 -> 46078 | B41: 0.028452719 | C41: 0.028816194 | D41: =+VLOOKUP(A41,'Inflación BE'!A:S,19) -> 0.02208905 | E41: =+D41 -> 0.02208905 | F41: =+((((1+VLOOKUP(A41,'Inflación BE'!A:K,11))^3)/((1+E41)^2))^(1/1))-1 -> 0.018285778 | G41: =+((((1+VLOOKUP(A41,'Inflación BE'!A:O,15))^7)/((1+VLOOKUP(A41,'Inflación BE'!A:K,11))^3))^(1/4))-1 -> 0.014718521 | H41: =+G41 -> 0.014718521 | I41: =+H41 -> 0.014718521 | J41: =+I41 -> 0.014718521 | K41: =+((((1+VLOOKUP(A41,'Inflación BE'!A:W,23))^12)/((1+VLOOKUP(A41,'Inflación BE'!A:O,15))^7))^(1/5))-1 -> 0.012820232 | L41: =+K41 -> 0.012820232 | M41: =+L41 -> 0.012820232 | N41: =+M41 -> 0.012820232 | O41: =+N41 -> 0.012820232 | P41: =+((1+C41)*(1+D41)*(1+E41)*(1+F41)*(1+G41)*(1+H41)*(1+I41)*(1+J41)*(1+K41)*(1+L41)*(1+M41)*(1+N41))-1 -> 0.22094686
A42: =+'Inflación BE'!A71 -> 46079 | B42: 0.028452719 | C42: 0.028816194 | D42: =+VLOOKUP(A42,'Inflación BE'!A:S,19) -> 0.021156697 | E42: =+D42 -> 0.021156697 | F42: =+((((1+VLOOKUP(A42,'Inflación BE'!A:K,11))^3)/((1+E42)^2))^(1/1))-1 -> 0.021576526 | G42: =+((((1+VLOOKUP(A42,'Inflación BE'!A:O,15))^7)/((1+VLOOKUP(A42,'Inflación BE'!A:K,11))^3))^(1/4))-1 -> 0.014776835 | H42: =+G42 -> 0.014776835 | I42: =+H42 -> 0.014776835 | J42: =+I42 -> 0.014776835 | K42: =+((((1+VLOOKUP(A42,'Inflación BE'!A:W,23))^12)/((1+VLOOKUP(A42,'Inflación BE'!A:O,15))^7))^(1/5))-1 -> 0.012454549 | L42: =+K42 -> 0.012454549 | M42: =+L42 -> 0.012454549 | N42: =+M42 -> 0.012454549 | O42: =+N42 -> 0.012454549 | P42: =+((1+C42)*(1+D42)*(1+E42)*(1+F42)*(1+G42)*(1+H42)*(1+I42)*(1+J42)*(1+K42)*(1+L42)*(1+M42)*(1+N42))-1 -> 0.2211747
A43: =+'Inflación BE'!A72 -> 46080 | B43: 0.028452719 | C43: 0.028816194 | D43: =+VLOOKUP(A43,'Inflación BE'!A:S,19) -> 0.022598569 | E43: =+D43 -> 0.022598569 | F43: =+((((1+VLOOKUP(A43,'Inflación BE'!A:K,11))^3)/((1+E43)^2))^(1/1))-1 -> 0.018195999 | G43: =+((((1+VLOOKUP(A43,'Inflación BE'!A:O,15))^7)/((1+VLOOKUP(A43,'Inflación BE'!A:K,11))^3))^(1/4))-1 -> 0.017154876 | H43: =+G43 -> 0.017154876 | I43: =+H43 -> 0.017154876 | J43: =+I43 -> 0.017154876 | K43: =+((((1+VLOOKUP(A43,'Inflación BE'!A:W,23))^12)/((1+VLOOKUP(A43,'Inflación BE'!A:O,15))^7))^(1/5))-1 -> 0.011571369 | L43: =+K43 -> 0.011571369 | M43: =+L43 -> 0.011571369 | N43: =+M43 -> 0.011571369 | O43: =+N43 -> 0.011571369 | P43: =+((1+C43)*(1+D43)*(1+E43)*(1+F43)*(1+G43)*(1+H43)*(1+I43)*(1+J43)*(1+K43)*(1+L43)*(1+M43)*(1+N43))-1 -> 0.22776145
A44: =+'Inflación BE'!A73 -> 46083 | B44: 0.028452719 | C44: 0.028816194 | D44: =+VLOOKUP(A44,'Inflación BE'!A:S,19) -> 0.022426157 | E44: =+D44 -> 0.022426157 | F44: =+((((1+VLOOKUP(A44,'Inflación BE'!A:K,11))^3)/((1+E44)^2))^(1/1))-1 -> 0.016548414 | G44: =+((((1+VLOOKUP(A44,'Inflación BE'!A:O,15))^7)/((1+VLOOKUP(A44,'Inflación BE'!A:K,11))^3))^(1/4))-1 -> 0.015209946 | H44: =+G44 -> 0.015209946 | I44: =+H44 -> 0.015209946 | J44: =+I44 -> 0.015209946 | K44: =+((((1+VLOOKUP(A44,'Inflación BE'!A:W,23))^12)/((1+VLOOKUP(A44,'Inflación BE'!A:O,15))^7))^(1/5))-1 -> 0.013884271 | L44: =+K44 -> 0.013884271 | M44: =+L44 -> 0.013884271 | N44: =+M44 -> 0.013884271 | O44: =+N44 -> 0.013884271 | P44: =+((1+C44)*(1+D44)*(1+E44)*(1+F44)*(1+G44)*(1+H44)*(1+I44)*(1+J44)*(1+K44)*(1+L44)*(1+M44)*(1+N44))-1 -> 0.22717574
... A51: =+'Inflación BE'!A80 -> 46092 | B51: 0.028452719 | C51: 0.028816194 | D51: =+VLOOKUP(A51,'Inflación BE'!A:S,19) -> 0.022780394 | E51: =+D51 -> 0.022780394 | F51: =+((((1+VLOOKUP(A51,'Inflación BE'!A:K,11))^3)/((1+E51)^2))^(1/1))-1 -> 0.02146091 | G51: =+((((1+VLOOKUP(A51,'Inflación BE'!A:O,15))^7)/((1+VLOOKUP(A51,'Inflación BE'!A:K,11))^3))^(1/4))-1 -> 0.016648894 | H51: =+G51 -> 0.016648894 | I51: =+H51 -> 0.016648894 | J51: =+I51 -> 0.016648894 | K51: =+((((1+VLOOKUP(A51,'Inflación BE'!A:W,23))^12)/((1+VLOOKUP(A51,'Inflación BE'!A:O,15))^7))^(1/5))-1 -> 0.012128713 | L51: =+K51 -> 0.012128713 | M51: =+L51 -> 0.012128713 | N51: =+M51 -> 0.012128713 | O51: =+N51 -> 0.012128713 | P51: =+((1+C51)*(1+D51)*(1+E51)*(1+F51)*(1+G51)*(1+H51)*(1+I51)*(1+J51)*(1+K51)*(1+L51)*(1+M51)*(1+N51))-1 -> 0.23239884

Sheet BE Hoy
A1: Mes | B1: Inflación | C1: Inflación observada | D1: Inflación BE | E1: Inflación REM | F1: Inflación Eco Go | G1: Inflación Consensus | J1: S15Y6 - X15Y6 | K1: S29Y6 - X29Y6 | L1: T30J6 - TZX26 | M1: S31L6 - X31L6 | N1: S30S6 - X30S6 | O1: S30O6 - TZXO6 | P1: S30N6 - X30N6 | Q1: T30A7 - TZXM7
A2: 45627 | B2: =+'[2]1. Nuevo IPC Nacional'!$AF101 -> 0.027041041 | C2: =+'[2]1. Nuevo IPC Nacional'!$AF101 -> 0.027041041 | I2: Inflación BE promedio | J2: =+VLOOKUP(MAX('Inflación BE'!A:A),'Inflación BE'!A:AA,27) -> 0.029422111 | K2: =+VLOOKUP(MAX('Inflación BE'!A:A),'Inflación BE'!A:S,19) -> 0.0264705 | L2: =+VLOOKUP(MAX('Inflación BE'!A:A),'Inflación BE'!A:K,11) -> 0.025127446 | M2: =+VLOOKUP(MAX('Inflación BE'!A:A),'Inflación BE'!A:AE,31) -> 0.023839897 | N2: =+VLOOKUP(MAX('Inflación BE'!A:A),'Inflación BE'!A:AI,35) -> 0.021724377 | O2: =+VLOOKUP(MAX('Inflación BE'!A:A),'Inflación BE'!A:O,15) -> 0.020990835 | P2: =+VLOOKUP(MAX('Inflación BE'!A:A),'Inflación BE'!A:AM,39) -> 0.020650506 | Q2: =+VLOOKUP(MAX('Inflación BE'!A:A),'Inflación BE'!A:W,23) -> 0.017469447
A3: 45658 | B3: =+'[2]1. Nuevo IPC Nacional'!$AF102 -> 0.02211048 | C3: =+'[2]1. Nuevo IPC Nacional'!$AF102 -> 0.02211048
A4: 45689 | B4: =+'[2]1. Nuevo IPC Nacional'!$AF103 -> 0.024016274 | C4: =+'[2]1. Nuevo IPC Nacional'!$AF103 -> 0.024016274
A5: 45717 | B5: =+'[2]1. Nuevo IPC Nacional'!$AF104 -> 0.037293353 | C5: =+'[2]1. Nuevo IPC Nacional'!$AF104 -> 0.037293353
A6: 45748 | B6: =+'[2]1. Nuevo IPC Nacional'!$AF105 -> 0.027808358 | C6: =+'[2]1. Nuevo IPC Nacional'!$AF105 -> 0.027808358
A7: 45778 | B7: =+'[2]1. Nuevo IPC Nacional'!$AF106 -> 0.015011086 | C7: =+'[2]1. Nuevo IPC Nacional'!$AF106 -> 0.015011086
A8: 45809 | B8: =+'[2]1. Nuevo IPC Nacional'!$AF107 -> 0.016189249 | C8: =+'[2]1. Nuevo IPC Nacional'!$AF107 -> 0.016189249
A9: 45839 | B9: =+'[2]1. Nuevo IPC Nacional'!$AF108 -> 0.019016838 | C9: =+'[2]1. Nuevo IPC Nacional'!$AF108 -> 0.019016838
A10: 45870 | B10: =+'[2]1. Nuevo IPC Nacional'!$AF109 -> 0.018757935 | C10: =+'[2]1. Nuevo IPC Nacional'!$AF109 -> 0.018757935
A11: 45901 | B11: =+'[2]1. Nuevo IPC Nacional'!$AF110 -> 0.020759603 | C11: =+'[2]1. Nuevo IPC Nacional'!$AF110 -> 0.020759603
A12: 45931 | B12: =+'[2]1. Nuevo IPC Nacional'!$AF111 -> 0.023419431 | C12: =+'[2]1. Nuevo IPC Nacional'!$AF111 -> 0.023419431
A13: 45962 | B13: =+'[2]1. Nuevo IPC Nacional'!$AF112 -> 0.024729197 | C13: =+'[2]1. Nuevo IPC Nacional'!$AF112 -> 0.024729197
A14: 45992 | B14: =+'[2]1. Nuevo IPC Nacional'!$AF113 -> 0.028452719 | C14: =+'[2]1. Nuevo IPC Nacional'!$AF113 -> 0.028452719
A15: 46023 | B15: =+'[2]1. Nuevo IPC Nacional'!$AF114 -> 0.028816194 | C15: =+'[2]1. Nuevo IPC Nacional'!$AF114 -> 0.028816194 | G15: 0.028816194
A16: 46054 | B16: =+'[2]1. Nuevo IPC Nacional'!$AF115 -> 0.028963191 | C16: =+'[2]1. Nuevo IPC Nacional'!$AF115 -> 0.028963191 | D16: =+C16 -> 0.028963191 | E16: =+D16 -> 0.028963191 | F16: =+E16 -> 0.028963191 | G16: 0.025
A17: 46082 | B17: =+J2 -> 0.029422111 | D17: =+B17 -> 0.029422111 | E17: 0.025 | F17: =+'[3]Escenario 1'!$P294 -> 0.029084877 | G17: 0.024 | I17: =1+B17 -> 1.0294221
A18: 46113 | B18: =+((((1+L2)^2)/((1+J2)^1))^(1/1))-1 -> 0.020850698 | D18: =+B18 -> 0.020850698 | E18: 0.022 | F18: =+'[3]Escenario 1'!$P295 -> 0.021811958 | G18: 0.021 | I18: =1+B18 -> 1.0208507 | J18: =+A18 -> 46113 | K18: =+GEOMEAN(I18:I26)-1 -> 0.016766931
A19: 46143 | B19: =+((((1+M2)^3)/((1+L2)^2))^(1/1))-1 -> 0.021269649 | D19: =+B19 -> 0.021269649 | E19: 0.019 | F19: =+'[3]Escenario 1'!$P296 -> 0.019782925 | G19: 0.015 | I19: =1+B19 -> 1.0212696 | J19: =+A19 -> 46143 | K19: =+K18 -> 0.016766931
A20: 46174 | B20: =+((((1+N2)^5)/((1+M2)^3))^(1/2))-1 -> 0.018559289 | D20: =+B20 -> 0.018559289 | E20: 0.018 | F20: =+'[3]Escenario 1'!$P297 -> 0.018336359 | G20: 0.014 | I20: =1+B20 -> 1.0185593 | J20: =+A20 -> 46174 | K20: =+K19 -> 0.016766931
A21: 46204 | B21: =+B20 -> 0.018559289 | D21: =+B21 -> 0.018559289 | E21: 0.017 | F21: =+'[3]Escenario 1'!$P298 -> 0.021667712 | G21: 0.015 | I21: =1+B21 -> 1.0185593 | J21: =+A21 -> 46204 | K21: =+K20 -> 0.016766931
A22: 46235 | B22: =+((((1+O2)^6)/((1+N2)^5))^(1/1))-1 -> 0.017331018 | D22: =+B22 -> 0.017331018 | E22: 0.015 | F22: =+'[3]Escenario 1'!$P299 -> 0.018851044 | I22: =1+B22 -> 1.017331 | J22: =+A22 -> 46235 | K22: =+K21 -> 0.016766931
A23: 46266 | B23: =+((((1+P2)^7)/((1+O2)^6))^(1/1))-1 -> 0.018610915 | D23: =+B23 -> 0.018610915 | F23: =+'[3]Escenario 1'!$P300 -> 0.023239566 | I23: =1+B23 -> 1.0186109 | J23: =+A23 -> 46266 | K23: =+K22 -> 0.016766931
A24: 46296 | B24: =+((((1+Q2)^11)/((1+P2)^7))^(1/4))-1 -> 0.011926432 | D24: =+B24 -> 0.011926432 | F24: =+'[3]Escenario 1'!$P301 -> 0.020552453 | I24: =1+B24 -> 1.0119264 | J24: =+A24 -> 46296 | K24: =+K23 -> 0.016766931
A25: 46327 | B25: =+B24 -> 0.011926432 | D25: =+B25 -> 0.011926432 | F25: =+'[3]Escenario 1'!$P302 -> 0.017206572 | I25: =1+B25 -> 1.0119264 | J25: =+A25 -> 46327 | K25: =+K24 -> 0.016766931
A26: 46357 | B26: =+B25 -> 0.011926432 | D26: =+B26 -> 0.011926432 | F26: =+'[3]Escenario 1'!$P303 -> 0.01621134 | I26: =1+B26 -> 1.0119264 | J26: =+A26 -> 46357 | K26: =+K25 -> 0.016766931
A27: 46388 | B27: =+B26 -> 0.011926432 | D27: =+B27 -> 0.011926432 | F27: =+'[3]Escenario 1'!$P304 -> 0.017247938 | I27: =1+B27 -> 1.0119264
A31: 46023 | B31: =+B15+1 -> 1.0288162
A32: 46054 | B32: =+B16+1 -> 1.0289632
A33: 46082 | B33: =+B17+1 -> 1.0294221 | D33: =+PRODUCT(B31:B42)-1 -> 0.26567977
A34: 46113 | B34: =+B18+1 -> 1.0208507
A35: 46143 | B35: =+B19+1 -> 1.0212696
A36: 46174 | B36: =+B20+1 -> 1.0185593
A37: 46204 | B37: =+B21+1 -> 1.0185593
A38: 46235 | B38: =+B22+1 -> 1.017331
A39: 46266 | B39: =+B23+1 -> 1.0186109
A40: 46296 | B40: =+B24+1 -> 1.0119264
A41: 46327 | B41: =+B25+1 -> 1.0119264
A42: 46357 | B42: =+B26+1 -> 1.0119264
D50: Mes | E50: Inflación BE | F50: Inflación REM | G50: Inflación Eco Go | H50: Inflación Consensus
E51: al 16/3 | F51: al 1/3 | G51: al 17/3 | H51: al 15/2
D52: 46023 | E52: =+F52 -> 0.028816194 | F52: =+G52 -> 0.028816194 | G52: =+H52 -> 0.028816194 | H52: =+G15 -> 0.028816194
D53: 46054 | E53: =+D16 -> 0.028963191 | F53: =+E16 -> 0.028963191 | G53: =+F16 -> 0.028963191 | H53: =+G16 -> 0.025
D54: 46082 | E54: =+D17 -> 0.029422111 | F54: =+E17 -> 0.025 | G54: =+F17 -> 0.029084877 | H54: =+G17 -> 0.024
D55: 46113 | E55: =+D18 -> 0.020850698 | F55: =+E18 -> 0.022 | G55: =+F18 -> 0.021811958 | H55: =+G18 -> 0.021
D56: 46143 | E56: =+D19 -> 0.021269649 | F56: =+E19 -> 0.019 | G56: =+F19 -> 0.019782925 | H56: =+G19 -> 0.015
D57: 46174 | E57: =+D20 -> 0.018559289 | F57: =+E20 -> 0.018 | G57: =+F20 -> 0.018336359 | H57: =+G20 -> 0.014
D58: 46204 | E58: =+D21 -> 0.018559289 | F58: =+E21 -> 0.017 | G58: =+F21 -> 0.021667712 | H58: =+G21 -> 0.015
D59: 46235 | E59: =+D22 -> 0.017331018 | F59: =+E22 -> 0.015 | G59: =+F22 -> 0.018851044
D60: 46266 | E60: =+D23 -> 0.018610915 | G60: =+F23 -> 0.023239566
D61: 46296 | E61: =+D24 -> 0.011926432 | G61: =+F24 -> 0.020552453
D62: 46327 | E62: =+D25 -> 0.011926432 | G62: =+F25 -> 0.017206572
D63: 46357 | E63: =+D26 -> 0.011926432 | G63: =+F26 -> 0.01621134
D64: 46388 | E64: =+D27 -> 0.011926432 | G64: =+F27 -> 0.017247938

Sheet Implícitas anualizadas
A1: Fecha | B1: Implícita febrero | C1: Implícita marzo | D1: Implícita abril | E1: Implícita octubre | F1: Implícita febrero 27 | G1: Promedio
A2: =+'Inflación BE'!A21 -> 46002 | C2: =+(1+'Inflación BE'!S21)^(365/30)-1 -> 0.25748146 | D2: =+(1+'Inflación BE'!K21)^(365/30)-1 -> 0.25229209 | E2: =+(1+'Inflación BE'!O21)^(365/30)-1 -> 0.21677308 | F2: =+(1+'Inflación BE'!W21)^(365/30)-1 -> 0.21080582 | G2: =+AVERAGE(B2:F2) -> 0.23433811
A3: =+'Inflación BE'!A22 -> 46003 | C3: =+(1+'Inflación BE'!S22)^(365/30)-1 -> 0.26522167 | D3: =+(1+'Inflación BE'!K22)^(365/30)-1 -> 0.26270644 | E3: =+(1+'Inflación BE'!O22)^(365/30)-1 -> 0.21837413 | F3: =+(1+'Inflación BE'!W22)^(365/30)-1 -> 0.21065031 | G3: =+AVERAGE(B3:F3) -> 0.23923814
A4: =+'Inflación BE'!A23 -> 46006 | C4: =+(1+'Inflación BE'!S23)^(365/30)-1 -> 0.25992649 | D4: =+(1+'Inflación BE'!K23)^(365/30)-1 -> 0.27582172 | E4: =+(1+'Inflación BE'!O23)^(365/30)-1 -> 0.21333732 | F4: =+(1+'Inflación BE'!W23)^(365/30)-1 -> 0.21254391 | G4: =+AVERAGE(B4:F4) -> 0.24040736
A5: =+'Inflación BE'!A24 -> 46007 | C5: =+(1+'Inflación BE'!S24)^(365/30)-1 -> 0.27458924 | D5: =+(1+'Inflación BE'!K24)^(365/30)-1 -> 0.26866617 | E5: =+(1+'Inflación BE'!O24)^(365/30)-1 -> 0.22884467 | F5: =+(1+'Inflación BE'!W24)^(365/30)-1 -> 0.2147842 | G5: =+AVERAGE(B5:F5) -> 0.24672107
A6: =+'Inflación BE'!A25 -> 46008 | C6: =+(1+'Inflación BE'!S25)^(365/30)-1 -> 0.28353937 | D6: =+(1+'Inflación BE'!K25)^(365/30)-1 -> 0.27356787 | E6: =+(1+'Inflación BE'!O25)^(365/30)-1 -> 0.22081824 | F6: =+(1+'Inflación BE'!W25)^(365/30)-1 -> 0.21824406 | G6: =+AVERAGE(B6:F6) -> 0.24904238
A7: =+'Inflación BE'!A26 -> 46009 | C7: =+(1+'Inflación BE'!S26)^(365/30)-1 -> 0.28554682 | D7: =+(1+'Inflación BE'!K26)^(365/30)-1 -> 0.28620394 | E7: =+(1+'Inflación BE'!O26)^(365/30)-1 -> 0.22720607 | F7: =+(1+'Inflación BE'!W26)^(365/30)-1 -> 0.2189281 | G7: =+AVERAGE(B7:F7) -> 0.25447123
A8: =+'Inflación BE'!A27 -> 46010 | C8: =+(1+'Inflación BE'!S27)^(365/30)-1 -> 0.28530494 | D8: =+(1+'Inflación BE'!K27)^(365/30)-1 -> 0.28944457 | E8: =+(1+'Inflación BE'!O27)^(365/30)-1 -> 0.23258054 | F8: =+(1+'Inflación BE'!W27)^(365/30)-1 -> 0.22115205 | G8: =+AVERAGE(B8:F8) -> 0.25712053
A9: =+'Inflación BE'!A28 -> 46013 | C9: =+(1+'Inflación BE'!S28)^(365/30)-1 -> 0.28093864 | D9: =+(1+'Inflación BE'!K28)^(365/30)-1 -> 0.2893441 | E9: =+(1+'Inflación BE'!O28)^(365/30)-1 -> 0.23116222 | F9: =+(1+'Inflación BE'!W28)^(365/30)-1 -> 0.21601488 | G9: =+AVERAGE(B9:F9) -> 0.25436496
A10: =+'Inflación BE'!A29 -> 46014 | C10: =+(1+'Inflación BE'!S29)^(365/30)-1 -> 0.2921632 | D10: =+(1+'Inflación BE'!K29)^(365/30)-1 -> 0.28804942 | E10: =+(1+'Inflación BE'!O29)^(365/30)-1 -> 0.233413 | F10: =+(1+'Inflación BE'!W29)^(365/30)-1 -> 0.21871444 | G10: =+AVERAGE(B10:F10) -> 0.25808501
A11: =+'Inflación BE'!A30 -> 46015 | C11: =+(1+'Inflación BE'!S30)^(365/30)-1 -> 0.31401014 | D11: =+(1+'Inflación BE'!K30)^(365/30)-1 -> 0.29480906 | E11: =+(1+'Inflación BE'!O30)^(365/30)-1 -> 0.22565574 | F11: =+(1+'Inflación BE'!W30)^(365/30)-1 -> 0.22577154 | G11: =+AVERAGE(B11:F11) -> 0.26506162
A12: =+'Inflación BE'!A31 -> 46017 | B12: =+(1+'Inflación BE'!G31)^(365/30)-1 -> 0.33610385 | C12: =+(1+'Inflación BE'!S31)^(365/30)-1 -> 0.30118229 | D12: =+(1+'Inflación BE'!K31)^(365/30)-1 -> 0.29001603 | E12: =+(1+'Inflación BE'!O31)^(365/30)-1 -> 0.23439853 | F12: =+(1+'Inflación BE'!W31)^(365/30)-1 -> 0.2173566 | G12: =+AVERAGE(B12:F12) -> 0.27581146
A13: =+'Inflación BE'!A32 -> 46020 | B13: =+(1+'Inflación BE'!G32)^(365/30)-1 -> 0.30308853 | C13: =+(1+'Inflación BE'!S32)^(365/30)-1 -> 0.28712337 | D13: =+(1+'Inflación BE'!K32)^(365/30)-1 -> 0.27439674 | E13: =+(1+'Inflación BE'!O32)^(365/30)-1 -> 0.22998492 | F13: =+(1+'Inflación BE'!W32)^(365/30)-1 -> 0.22325215 | G13: =+AVERAGE(B13:F13) -> 0.26356914
A14: =+'Inflación BE'!A33 -> 46021 | B14: =+(1+'Inflación BE'!G33)^(365/30)-1 -> 0.33722306 | C14: =+(1+'Inflación BE'!S33)^(365/30)-1 -> 0.30172408 | D14: =+(1+'Inflación BE'!K33)^(365/30)-1 -> 0.2841326 | E14: =+(1+'Inflación BE'!O33)^(365/30)-1 -> 0.22174831 | F14: =+(1+'Inflación BE'!W33)^(365/30)-1 -> 0.2167693 | G14: =+AVERAGE(B14:F14) -> 0.27231947
A15: =+'Inflación BE'!A34 -> 46024 | B15: =+(1+'Inflación BE'!G34)^(365/30)-1 -> 0.31897465 | C15: =+(1+'Inflación BE'!S34)^(365/30)-1 -> 0.29758236 | D15: =+(1+'Inflación BE'!K34)^(365/30)-1 -> 0.27966713 | E15: =+(1+'Inflación BE'!O34)^(365/30)-1 -> 0.23555571 | F15: =+(1+'Inflación BE'!W34)^(365/30)-1 -> 0.22792116 | G15: =+AVERAGE(B15:F15) -> 0.2719402
A16: =+'Inflación BE'!A35 -> 46027 | B16: =+(1+'Inflación BE'!G35)^(365/30)-1 -> 0.33011978 | C16: =+(1+'Inflación BE'!S35)^(365/30)-1 -> 0.28665317 | D16: =+(1+'Inflación BE'!K35)^(365/30)-1 -> 0.2782637 | E16: =+(1+'Inflación BE'!O35)^(365/30)-1 -> 0.24653515 | F16: =+(1+'Inflación BE'!W35)^(365/30)-1 -> 0.22769097 | G16: =+AVERAGE(B16:F16) -> 0.27385255
A17: =+'Inflación BE'!A36 -> 46028 | B17: =+(1+'Inflación BE'!G36)^(365/30)-1 -> 0.3317311 | C17: =+(1+'Inflación BE'!S36)^(365/30)-1 -> 0.28335145 | D17: =+(1+'Inflación BE'!K36)^(365/30)-1 -> 0.2801843 | E17: =+(1+'Inflación BE'!O36)^(365/30)-1 -> 0.25485463 | F17: =+(1+'Inflación BE'!W36)^(365/30)-1 -> 0.22765403 | G17: =+AVERAGE(B17:F17) -> 0.2755551
A18: =+'Inflación BE'!A37 -> 46029 | B18: =+(1+'Inflación BE'!G37)^(365/30)-1 -> 0.33082284 | C18: =+(1+'Inflación BE'!S37)^(365/30)-1 -> 0.30638618 | D18: =+(1+'Inflación BE'!K37)^(365/30)-1 -> 0.28794453 | E18: =+(1+'Inflación BE'!O37)^(365/30)-1 -> 0.25313646 | F18: =+(1+'Inflación BE'!W37)^(365/30)-1 -> 0.22761379 | G18: =+AVERAGE(B18:F18) -> 0.28118076
A19: =+'Inflación BE'!A38 -> 46030 | B19: =+(1+'Inflación BE'!G38)^(365/30)-1 -> 0.33675446 | C19: =+(1+'Inflación BE'!S38)^(365/30)-1 -> 0.30107201 | D19: =+(1+'Inflación BE'!K38)^(365/30)-1 -> 0.29071957 | E19: =+(1+'Inflación BE'!O38)^(365/30)-1 -> 0.25246707 | F19: =+(1+'Inflación BE'!W38)^(365/30)-1 -> 0.22824502 | G19: =+AVERAGE(B19:F19) -> 0.28185163
A20: =+'Inflación BE'!A39 -> 46031 | B20: =+(1+'Inflación BE'!G39)^(365/30)-1 -> 0.36316337 | C20: =+(1+'Inflación BE'!S39)^(365/30)-1 -> 0.3189947 | D20: =+(1+'Inflación BE'!K39)^(365/30)-1 -> 0.31292869 | E20: =+(1+'Inflación BE'!O39)^(365/30)-1 -> 0.26432791 | F20: =+(1+'Inflación BE'!W39)^(365/30)-1 -> 0.23343137 | G20: =+AVERAGE(B20:F20) -> 0.29856921
A21: =+'Inflación BE'!A40 -> 46034 | B21: =+(1+'Inflación BE'!G40)^(365/30)-1 -> 0.34471347 | C21: =+(1+'Inflación BE'!S40)^(365/30)-1 -> 0.31373577 | D21: =+(1+'Inflación BE'!K40)^(365/30)-1 -> 0.31714933 | E21: =+(1+'Inflación BE'!O40)^(365/30)-1 -> 0.25813109 | F21: =+(1+'Inflación BE'!W40)^(365/30)-1 -> 0.23539191 | G21: =+AVERAGE(B21:F21) -> 0.29382432
A22: =+'Inflación BE'!A41 -> 46035 | B22: =+(1+'Inflación BE'!G41)^(365/30)-1 -> 0.37138964 | C22: =+(1+'Inflación BE'!S41)^(365/30)-1 -> 0.33034756 | D22: =+(1+'Inflación BE'!K41)^(365/30)-1 -> 0.32026536 | E22: =+(1+'Inflación BE'!O41)^(365/30)-1 -> 0.26337982 | F22: =+(1+'Inflación BE'!W41)^(365/30)-1 -> 0.23895834 | G22: =+AVERAGE(B22:F22) -> 0.30486815
A23: =+'Inflación BE'!A42 -> 46036 | B23: =+(1+'Inflación BE'!G42)^(365/30)-1 -> 0.37394746 | C23: =+(1+'Inflación BE'!S42)^(365/30)-1 -> 0.33055556 | D23: =+(1+'Inflación BE'!K42)^(365/30)-1 -> 0.31655689 | E23: =+(1+'Inflación BE'!O42)^(365/30)-1 -> 0.26211715 | F23: =+(1+'Inflación BE'!W42)^(365/30)-1 -> 0.23730619 | G23: =+AVERAGE(B23:F23) -> 0.30409665
... A49: =+'Inflación BE'!A68 -> 46076 | B49: =+(1+'Inflación BE'!G68)^(365/30)-1 -> 0.68545835 | C49: =+(1+'Inflación BE'!S68)^(365/30)-1 -> 0.31718371 | D49: =+(1+'Inflación BE'!K68)^(365/30)-1 -> 0.29691376 | E49: =+(1+'Inflación BE'!O68)^(365/30)-1 -> 0.232019 | F49: =+(1+'Inflación BE'!W68)^(365/30)-1 -> 0.21671634 | G49: =+AVERAGE(B49:F49) -> 0.34965823

Sheet Feriados
A1: Feriados
A2: 44197
A3: 44242
A4: 44243
A5: 44279
A6: 44287
A7: 44288
A8: 44310
A9: 44317
A10: 44340
A11: 44341
A12: 44367
A13: 44368
... A231: 53328
